id_item;pontuacao;identificador;texto;id_questao
1;1;A;As propagandas indicam que o computador tornava-se um equipamento pessoal, utilizado nos lares.;1
2;4;B;A propaganda do TK95 apela para a questão da informação, tanto em seu texto como na imagem, demonstrando outros usos potenciais para aquela máquina.;1
3;0;C;"O TK 85 era um equipamento pouco sofisticado, o que tornava extremamente lento
para o usuário comum navegar na internet.";1
4;5;D;À medida que havia mais recursos tecnológicos, o computador se tornava mais presente na vida das pessoas, deixando de ser um equipamento prioritariamente de trabalho, trazendo recursos de lazer.;1
5;1;A;Na carta ao rei de Portugal Pero Vaz de Caminha descreve a terra encontrada.;2
6;4;B;O documento descreve uma população nativa que o autor narra como generosa e gentil, e por este motivo deve ser cuidada.;2
7;5;C;A carta indica ao rei de Portugal formas de se apossar de riquezas e de expandir o cristianismo.;2
8;0;D;A carta indica que os índios produziam seus alimentos em roças e criavam rebanhos para seu sustento.;2
9;5;A;Foi considerado o primeiro documento escrito sobre o Brasil.;3
10;0;B;Pero Vaz de Caminha foi o único a dar a boa nova do achamento do Brasil.;3
11;0;C;Por meio deste documento os portugueses declararam a posse do Brasil.;3
12;1;D;Descreve a natureza e as gentes.;3
13;1;A;É uma fotografia panorâmica da construção da capital federal do Brasil durante o governo de Juscelino Kubitschek (1955-1960).;4
14;0;B;É um plano urbano cujos prédios, ainda em sua estrutura, abrigariam moradias populares.;4
15;5;C;É um documento que registra a construção da capital do Brasil.;4
16;4;D;Mostra a construção de uma cidade planejada.;4
17;1;A;Se trata de uma estátua feita em madeira, provavelmente por algum artista da região das minas.;5
18;4;B;Era utilizada para o contrabando de ouro, driblando a fiscalização colonial.;5
19;0;C;Era utilizada somente por fiéis que guardavam relíquias em seu interior.;5
20;5;D;O uso atual da expressão “santo do pau oco” deriva do uso desse objeto para a contravenção.;5
21;5;A;A configuração geográfica do território brasileiro resulta de um processo histórico.;6
22;4;B;A maior parte do território brasileiro já estava configurada em 1822.;6
23;1;C;A região cisplatina deixou de pertencer ao Brasil.;6
24;0;D;A área compreendida pela floresta Amazônica não integrava em 1822 o território brasileiro.;6
25;1;A;Uma descrição da influência da topografia nos processos de urbanização de bairros da cidade.;7
26;4;B;A paisagem em mutação sobretudo nos subúrbios da cidade do Rio de Janeiro.;7
27;5;C;Uma diversidade que forma um conjunto novo – a moradia das camadas populares – que ficava estampada na arquitetura e na disposição de ruas e casas, que casualmente se agrupam.;7
28;0;D;Por se tratar de um texto literário, há poucas informações sobre os aspectos urbanos da cidade.;7
29;1;A;Trata-se de um documento que possui texto impresso, texto manuscrito e imagem.;8
30;5;B;A imagem de senhores e de escravos era utilizada porque muitas pessoas não alfabetizadas poderiam mesmo assim reconhecer que se tratava de um ato de compra e venda.;8
31;0;C;Não é um contrato comercial.;8
32;4;D;É um documento que comprova que a propriedade de escravos era regida por lei.;8
33;5;A;Trata-se de uma charge que satiriza um sentimento patriótico que o governo militar queria difundir.;9
34;0;B;Mostra que aqueles que se submetiam ao regime seriam expulsos do país.;9
35;1;C;Trata-se de uma charge de autoria de Ziraldo publicada no jornal Pasquim de 1970.;9
36;4;D;A figura central da charge representa os poderes dominantes do Brasil naquela época.;9
37;4;A;o governo de Getúlio Vargas (1930-1945) empenhou-se em registrar o bando de Lampião derrotado e degolado.;11
38;0;B;o bando de Lampião não se enquadra na noção de banditismo social, proposta por Eric Hobsbawm.;11
39;5;C;a fotografia, que exibe as cabeças dos cangaceiros e os chapéus e outros objetos adornados, foi encomendada pelo governo baiano e de Getúlio Vargas.;11
40;1;D;o cangaço é um grande tema literário e audiovisual no Brasil do século XX.;11
41;1;A;os dois textos se referem a um conjunto diversificado de hábitos de alimentação em diferentes regiões do Brasil nas primeiras décadas do século XIX.;12
42;4;B;os textos dos viajantes estrangeiros nos informam como viviam nossos antepassados e os costumes característicos desta época.;12
43;5;C;a vida cotidiana em partes distintas do Brasil indica as diferenças de economia, sociedade e cultura entre as vilas rurais do interior e os padrões burgueses europeizados.;12
44;0;D;os viajantes estrangeiros estavam mais interessados na economia brasileira do que em mostrar costumes nacionais.;12
45;1;A;a morte de Solano Lopez foi descrita como um grande feito brasileiro.;13
46;0;B;o autor via como diabólica a participação brasileira na guerra.;13
47;4;C;para o autor a guerra do Paraguai foi uma batalha contra a tirania de um governante cruel.;13
48;5;D;a descrição do líder paraguaio como um monstro ajudou a construir a imagem do Brasil como o de libertador daquela nação.;13
49;4;A;o documento refere-se à justificativa para a invasão holandesa no Brasil.;14
50;1;B;o documento indica interesse comercial holandês pelo Brasil.;14
51;0;C;a região setentrional à qual o documento se refere é a atual região Norte do país.;14
52;5;D;além do açúcar, havia vários interesses marítimo-comerciais dos holandeses incluindo a desmontagem do domínio português.;14
53;4;A;o texto e a imagem tratam dos impactos gerados pelo automóvel. A crônica de João do Rio descreve o contraste entre um equipamento moderno e uma cidade antiga.;15
54;5;B;no texto há uma concepção pessimista das transformações promovidas pelo automóvel. A imagem da propaganda apresenta uma visão positiva do uso de diferentes meios automotivos de transporte.;15
55;4;C;o tom otimista utilizado na propaganda caracteriza o desenvolvimentismo da Era JK.;15
56;0;D;no texto e na imagem automóvel e as estradas são descritos como elementos geradores de riqueza.;15
57;4;A;o texto refere-se ao conjunto de punições físicas que caracterizavam o cotidiano dos marinheiros brasileiros no século XIX até os inícios do XX.;16
58;0;B;O Bom-Crioulo é um romance sobre um escravo forte e acostumado aos castigos físicos.;16
59;1;C;a Revolta da Chibata ocorrida em 1910 foi um levante dos marinheiros contra este tipo de disciplina e punição.;16
60;5;D;neste texto literário há uma construção da figura do “bom crioulo” como tipo social no qual se opõem a força à mansidão e à resignação de caráter.;16
61;0;A;a metrópole colonial possuía vários portos importantes no território brasileiro, mas estavam todos em situação precária.;17
62;5;B;Portugal havia estabelecido colônias em diversos territórios durante as Grandes Navegações, que se viam ameaçados por outros impérios coloniais.;17
63;1;C;o autor do texto alerta que as posses portuguesas, ainda que ricas, passavam por dificuldades.;17
64;4;D;no século XVII, o Brasil já era uma colônia importante do mundo português.;17
65;1;A;os trabalhadores são retratados como potencialmente radicais e extremados.;18
66;0;B;as relações entre trabalhadores e patronato eram marcadas pelo diálogo e entendimento.;18
67;4;C;a organização e mobilização operárias eram meios fundamentais para o movimento operário alcançar seus objetivos.;18
68;5;D;as greves dos trabalhadores de diferentes categorias, que marcaram o período entre 1917-1920, foram ponto alto da história do movimento operário na Primeira República.;18
69;1;A;de acordo com a notícia, a maioria das mulheres brasileiras na década de 1920 não tinham direito ao voto.;19
70;1;B;a Federação Brasileira pelo Progresso feminino fazia uma intensa campanha para assegurar às mulheres brasileiras o direito universal ao voto.;19
71;5;C;os direitos políticos das mulheres eram considerados fundamentais para a sua emancipação política.;19
72;0;D;as feministas de 1928, assim como hoje em dia, defendiam a igualdade entre homens e mulheres.;19
73;1;A;o diálogo mostra visões de mundo muito diferentes em relação a temas como a natureza, o comércio, herança e riqueza.;21
74;5;B;ao falar em “maírs” e “perôs”, o tupinambá mencionava franceses e portugueses, que disputavam a exploração da região.;21
75;4;C;pelo diálogo, podemos perceber indígenas e europeus em negociação, numa imagem distante da tradicional, marcada apenas por conflitos e destruição.;21
76;0;D;o diálogo nos mostra como, em suas origens, os indígenas têm um modo de vida nômade, caçador e coletor, pouco afeito ao trabalho e ao cuidado com seus descendentes.;21
77;1;A;os chefes de família dos colonos que formavam estes grupos declaravam sua idade, estado civil, profissão, religião e local de origem.;22
78;0;B;eram exclusivamente famílias numerosas, condição necessária para o trabalho agrícola.;22
79;5;C;entre eles encontravam-se profissionais e artesãos de ofícios essenciais à vida cotidiana das pequenas comunidades rurais.;22
80;4;D;a experiência da imigração para o Brasil é um tema que antecede o advento da República.;22
81;5;A;o texto põe em questão a representação historiográfica que caracteriza essa conjura como exclusivamente popular.;23
82;1;B;os homens de “consideração” envolvidos no movimento ocorrido em Salvador livraram-se das acusações culpando seus escravos.;23
83;0;C;não havia distinção social entre os envolvidos na Conjuração Baiana.;23
84;3;D;os revoltosos colocaram em pauta uma discussão sobre revolução, república, democracia e os panfletos foram uma forma de comunicação importante.;23
85;5;A;o texto, publicado na revista oficial dos integralistas – Anauê - traz impresso um forte sentimento nacionalista.;24
86;0;B;o partido integralista tinha como seu maior aliado o presidente Getúlio Vargas, que também era defensor da Aliança Nacional Libertadora (ANL).;24
87;4;C;a Ação Integralista Brasileira (AIB) foi criada por Plínio Salgado e se caracterizava pelo combate ao comunismo e ao liberalismo econômico.;24
88;4;D;os integralistas utilizavam uma série de símbolos característicos, como camisas de cor verde-oliva. “Anauê” era a forma como se saudavam.;24
89;4;A;descreve a exploração das minas e a intensa movimentação étnica e social para a região da mineração no início do século XVIII.;25
90;1;B;relaciona o surto econômico mineiro ao povoamento da região.;25
91;0;C;indica que o ouro não era suficiente para enriquecer todo o fluxo migratório.;25
92;5;D;apresenta diferentes relações de trabalho indicando que a escravidão não era a única forma de exploração da riqueza do local.;25
93;1;A;a ausência de princípios democráticos durante a ditadura militar (1964-1985) era um elemento de desmando e fonte de corrupção.;26
94;4;B;o conceito de corrupção é ampliado ao se identificar com a noção de desrespeito à dignidade humana com o uso da tortura.;26
95;0;C;os militares foram bem sucedidos em coibir a corrupção existente no poder público.;26
96;5;D;corrupção e práticas abusivas podiam ocorrer até mesmo sob o amparo da lei.;26
97;1;A;utiliza texto e imagem para criticar a escravidão do período.;27
98;5;B;mostra o senhor que tenta defender-se da “tempestade do abolicionismo” e ao mesmo tempo impedir que seu escravo veja-a.;27
99;1;C;representa o movimento abolicionista como uma tempestade que se aproxima.;27
100;0;D;mostra que Agostini era a favor da escravidão ao representar as dificuldades enfrentadas pelos senhores.;27
101;1;A;a imagem documentou o momento de aproximação entre o Brasil e os Estados Unidos. Nesse encontro foi decidida a construção de base militar no nordeste brasileiro.;28
102;4;B;a imagem destaca a semelhança física e no vestuário dos presidentes, o que sugeria o alinhamento simétrico entre os dois Estados.;28
103;0;C;no período o Brasil vivia sob o regime do governo provisório de Vargas e começava a se aproximar dos EUA.;28
104;5;D;a aproximação entre Brasil e Estados Unidos é retratada pela imagem em um de seus principais momentos.;28
105;4;A;acima dos problemas de etnia, neste texto transparece o pressuposto do trabalho como meio de ascensão e inserção social.;29
106;5;B;há uma referência aos estereótipos de identidade nacional.;29
107;0;C;“Carcamano” e “pé-de-chumbo” não são indicativos de uma condição social subalterna.;29
108;1;D;indígena e negro são retratados como os “donos da terra”, que aqui já se encontravam quando chegaram os imigrantes.;29
109;5;A;a imagem ironiza uma questão internacional a qual, ao final, deu ganho de causa ao Brasil.;30
110;1;B;o embaixador é representado como o criador de uma situação que o colocava sobre um barril de pólvora prestes a explodir.;30
111;0;C;os leitores da revista podiam ver o embaixador retratado com a solução do problema nas mãos diante do apoio do povo brasileiro.;30
112;4;D;mostra-se um diplomata inábil que colocou a si mesmo e ao seu país numa situação delicada.;30
113;1;A;aos processos de integração e exclusão urbana em duas capitais: Porto Alegre e Fortaleza.;31
114;0;B;a dois processos de urbanização que tinham perspectivas opostas em relação aos mais pobres no início do período republicano.;31
115;4;C;a projetos de modernização das duas capitais que implicavam marginalização de parte da população por suas condições étnicas, sociais e morais.;31
116;5;D;à influência de um ideário de civilização que impregnou as reformas urbanas e sociais no Brasil a partir de fins do século XIX.;31
117;1;A;havia preocupação por parte do governo de D. Pedro II em integrar, através de vias de comunicação, a região norte ao Império brasileiro.;32
118;5;B;no Brasil do século XIX, a justificativa de investimento em áreas de fronteira a serem desbravadas vinha acompanhada do argumento da missão civilizadora.;32
119;4;C;o Visconde de Mauá foi pioneiro empreendedor na construção de estradas de ferro, telégrafo, navegação, indústrias e bancos.;32
120;0;D;correio, transportes de mercadoria e navios a vapor foram fundamentais para garantir o domínio político e comercial na região do Rio Amazonas.;32
121;0;A;seria conveniente que o rei enviasse mulheres para o Brasil, pois havia poucas no território.;33
122;5;B;enviando mulheres da Europa, mesmo as de má reputação, seria evitada a miscigenação com as indígenas.;33
123;4;C;o matrimônio sugerido seria benéfico para os colonos e para as mulheres de “pouco remédio de casamento”.;33
124;1;D;o casamento entre mulheres portuguesas e colonos ajudaria a povoar a terra e daria “remédio à vida” das indesejadas na Europa.;33
125;5;A;o Atlântico sul relacionava a América e a África, logo a formação do Brasil não se restringiu apenas ao binômio Brasil-Portugal.;34
126;4;B;o tráfico de escravos foi um negócio formador do território brasileiro.;34
127;0;C;Angola foi explorada e colonizada por brasileiros.;34
128;1;D;o trabalho compulsório no Brasil colônia foi formado pelo tráfico de escravos africanos e também por “negros da terra”.;34
129;0;A;o Conselho preocupava-se em livrar o governo de três categorias distintas de pessoas: mulatos, indivíduos com deficiências físicas e indivíduos com deficiências morais.;35
130;1;B;o Conselho considerava aptas a ocuparem cargo público apenas as pessoas brancas.;35
131;4;C;tratava-se da lógica da “limpeza de sangue”, ainda vigente na colônia no século XVIII.;35
132;5;D;o pedido do Conselho Ultramarino ao rei indica que era possível que indivíduos mulatos pleiteassem cargos públicos.;35
133;1;A;havia descontentamento dos pernambucanos com o governo de Dom Pedro I.;36
134;5;B;a expressão “corte na Corte” refere-se à vontade separatista.;36
135;0;C;que o descontentamento não era com o Imperador, mas com os políticos que não representavam bem as suas províncias.;36
136;5;D;que a restrita possibilidade de participação no governo de Pedro I justificava o rompimento entre o nordeste e o resto do país.;36
137;4;A;no Brasil não havia equilíbrio entre as unidades político-administrativas.;37
138;5;B;foi um movimento republicano que se inspirava no liberalismo e no federalismo.;37
139;0;C;trata-se de um levante isolado, uma reação pernambucana aos desmandos do Imperador que recebeu a reprovação das outras províncias do norte e nordeste.;37
140;1;D;está inserido em um grupo de movimentos ocorridos no nordeste caracterizados pela contestação e resistência.;37
141;4;A;o uso do trabalho indígena é interpretado de formas diferentes pelo religioso e pelo bandeirante.;38
142;1;B;apesar de proibida, a escravidão indígena era prática corrente em toda a colônia.;38
143;5;C;tanto a posição do jesuíta como a do bandeirante fazem parte de uma mesma lógica: a da colonização.;38
144;0;D;os dois textos consideram que apenas a escravidão pode civilizar os indígenas.;38
145;1;A;o texto articula questões morais e políticas dentro do período da ditadura militar.;39
146;0;B;a decisão pela proibição do beijo na cidade de Sorocaba foi considerada conservadora por todos os grupos sociais do município.;39
147;4;C;as palavras de ordem “Mais beijo, mais pão, abaixo a repressão” transcendiam o contexto local.;39
148;1;D;o movimento pela liberdade de beijar em público foi encabeçado por grupos de jovens sorocabanos.;39
149;5;A;a monarquia brasileira tem no IHGB uma estratégia de recontar o nascimento da nação integrada em um grande território nacional.;41
150;4;B;a unidade territorial do Brasil e seu governo centralizado no Rio de Janeiro correram sérios riscos de ruptura e fragmentação nas décadas de 1830-40.;41
151;0;C;dentre os temas de interesse do IHGB estavam a construção da nação brasileira rompendo com as matrizes portuguesas.;41
152;1;D;fundado em 1838, o IHGB atendia a formação do ideário do estado nacional do Brasil.;41
153;1;A;a independência no quadro de Moreaux valoriza a participação popular enquanto o de Pedro Américo valoriza a importância dos militares.;42
154;4;B;o quadro de Pedro Américo dá ênfase muito maior à centralidade e hierarquia da figura do imperador.;42
155;0;C;a diferença entre os quadros se explica porque Pedro Américo era o pintor oficial da Corte.;42
156;5;D;o quadro de Pedro Américo, assim como o próprio Museu do Ipiranga, consagraram-se como a representação visual da memória oficial.;42
157;4;A;relacionava a Constituição Brasileira à sua própria pessoa, demonstrando a centralização e dominação que caracterizaram o seu governo.;43
158;0;B;dava total liberdade à Assembléia para formular a Constituição a partir das bases democráticas.;43
159;1;C;criticava as constituições de países como a França, Espanha e Portugal, considerando-as impossíveis de se realizarem.;43
160;5;D;criticava os ideais da Revolução Francesa, considerando o despotismo e a anarquia como conseqüências daquele movimento.;43
161;1;A;existe uma pré-história na América do Sul.;44
162;5;B;assim como em outras áreas do conhecimento histórico, uma nova descoberta permite novas interpretações sobre o passado.;44
163;4;C;a datação de Luzia permitiu retroceder a época da presença humana no continente americano.;44
164;0;D;o conhecimento sobre o passado remoto não tem base científica e por isso as datas podem apresentar enormes diferenças.;44
165;4;A;o fortalecimento do Estado implicou uma nova política cultural em relação às regiões, gerando personagens e hábitos “típicos”.;45
166;5;B;a historiadora indica a formação de tipos regionais a partir de 1930 sem, no entanto, afirmar o federalismo como estrutura política.;45
167;1;C;foi no período mencionado que nasceram as divisões regionais do país, tais como as conhecemos hoje.;45
168;0;D;a historiadora indica que não se associava federalismo à possibilidade de guerra civil.;45
169;1;A;mutualismo, assistencialismo e sindicalismo possuíam fins diversos dentro dos objetivos do movimento operário.;46
170;5;B;os traços do mutualismo das primeiras associações persistiram dentro das organizações sindicais.;46
171;4;C;parte da historiografia sobre movimento operário rejeitou a tradição assistencialista por considerá-la prejudicial à causa operária.;46
172;0;D;a classe trabalhadora buscava independência dos tratamentos médicos a ela proporcionados pelo Estado centralizador brasileiro.;46
173;4;A;as interpretações sobre os processos históricos sofrem as influências do tempo em que vivem os historiadores.;47
174;0;B;Brasil e Argentina, a serviço da Grã-Bretanha, são os responsáveis pelo atraso econômico do Paraguai.;47
175;5;C;as explicações históricas são marcadas pelo contexto em que são escritas, e também constantemente reelaboradas.;47
176;1;D;as explicações sobre a Guerra do Paraguai nos anos 1960 e 1970 comportam aspectos políticos, econômicos e diplomáticos.;47
177;1;A;o papel da mídia na divulgação das festas populares.;48
178;4;B;os aspectos locais e internacionais que interagiram na configuração de novas práticas culturais no Brasil.;48
179;0;C;que o verdadeiro patrimônio cultural brasileiro, o samba, perdeu espaço por causa da globalização e dos meios de comunicação.;48
180;5;D;as relações entre cultura nacional e internacional, bem como a idéia de uma cultura popular e de massas.;48
181;4;A;o samba foi construído como o principal produto cultural do país no século passado e atualmente continua sendo importante.;49
182;1;B;os dois Brasis são o Brasil rural e o urbano.;49
183;5;C;mesmo havendo diferentes manifestações culturais, o sentimento nacional caracteriza cada uma das festas citadas.;49
184;0;D;os “dois Brasis” foram superados pela dinâmica cultural que inclui a convivência entre práticas nacional-populares e internacional-populares.;49
185;4;A;indica-se a importância do comércio de animais (muares, gado etc.) na atividade econômica do século XVIII.;50
186;1;B;a denominação dos templos e conventos (Misericórdia, Rosário dos Pretos) indica o grupo identitário a que seus freqüentadores pertenciam.;50
187;0;C;São Paulo no século XVIII, bem menor do que hoje em dia, já possuía uma malha urbana com ruas, igrejas e comércio.;50
188;5;D;já vemos as razões do enorme crescimento da cidade de São Paulo: o comércio com outras regiões do Brasil.;50
189;4;A;São Paulo, no texto descrita com vários detalhes, era no fim do século XVIII muito menor do que Salvador ou Rio de Janeiro.;51
190;5;B;Cardoso de Abreu nos mostra uma São Paulo com forte presença da Igreja católica.;51
191;1;C;a cidade possuía um local de diversão que atendia os diferentes grupos sociais, inclusive os escravos.;51
192;0;D;São Paulo é descrita como “a cabeça da capitania”, não somente por sua riqueza mas por ser local da residência de autoridades.;51
193;5;A;dentre as várias missões científicas destaca-se a Missão Austríaca com os naturalistas Martius e Spix.;52
194;1;B;restam atualmente poucas provas das visitas dos cientistas naturalistas estrangeiros, pois a coleta era proibida.;52
195;0;C;foram criados museus, jardins botânicos e laboratórios, gerando um conhecimento científico de relevo internacional.;52
196;4;D;ao longo do século XIX, foi freqüente o intercâmbio entre cientistas e a comunicação de suas descobertas.;52
197;4;A;filmes e séries de TV que retratam uma época têm também uma historicidade própria.;53
198;0;B;o processo de metropolização/urbanização do Rio de Janeiro entre 1808-21 pode ser interpretado como uma habilidade governativa de D. João.;53
199;5;C;ao se considerar D. João como um glutão, figura tola, se compreende o comentário de Napoleão Bonaparte sobre ele.;53
200;1;D;a transferência da corte foi mais uma estratégia político-diplomática-militar do que uma apressada debandada.;53
201;1;A;em função das Guerras Napoleônicas na Europa e da invasão francesa em Portugal, a Corte portuguesa transferiu-se para o Brasil.;54
202;4;B;re-encenações da chegada da Família real ao Rio de Janeiro servem muito mais ao divertimento do que o conhecimento histórico.;54
203;0;C;a versão caricaturada da monarquia luso-brasileira atendeu ao ideário republicano.;54
204;5;D;O humor na história ativa a reflexão crítica e contribui para o aprofundamento das análises.;54
205;0;A;a monarquia portuguesa teve grande facilidade em governar a Colônia a partir da Corte e de manter a ordem.;55
206;1;B;havia uma massa de gente rebelde em toda parte da América Portuguesa.;55
207;4;C;a cronologia apresentada afirma um conjunto de rebeliões, revoltas e motins que ampliam a visão tradicional.;55
208;5;D;para entender a experiência do viver em colônia é necessário ir além das explicações pautadas nos ciclos econômicos.;55
209;4;A;identifica a cultura de massas como um campo de estudo e pesquisa para o historiador.;56
210;1;B;indica que na década de 1950 havia no Brasil uma importante indústria de entretenimento e comunicação.;56
211;1;C;aponta para as motivações pessoais do historiador ao escolher seu tema de pesquisa.;56
212;5;D;critica a forma como a história popular e o star-system dos anos 50 foram pouco considerados pela historiografia.;56
213;4;A;refere-se às tensões entre a memória sobre o passado e as relações do tempo presente na capital de Pernambuco.;57
214;5;B;indica que a operação da escrita da história também se faz como esquecimento.;57
215;1;C;critica a maneira como é valorizado o imaginário sobre a influência de João Maurício de Nassau no Recife.;57
216;0;D;afirma a independência dos recifenses em relação ao culto de seu passado.;57
217;0;A;os Farrapos tentaram se incorporar aos governos da região platina, separando-se do Brasil.;58
218;4;B;os rio-grandenses valiam-se das idéias republicanas e federalistas dos vizinhos.;58
219;1;C;a Guerra dos Farrapos se insere nos processos políticos de luta pela independência nas antigas colônias espanholas e portuguesas.;58
220;5;D;a tradição do lenço vermelho remete aos processos de independência das províncias na parte sul da América.;58
221;1;A;o texto do historiador Amaral Lapa indica a pobreza como uma condição não imediatamente associada à classe social.;59
222;5;B;ambos os textos indicam estratégias de assistência que limitam-se a administrar a pobreza.;59
223;4;C;dados recentes indicam que aproximadamente 2,6 bilhões de pessoas vivem com uma renda de menos de US$ 2 por dia.;59
224;1;D;a reportagem revela um mapa da fome mundial e a distribuição desigual dos aportes financeiros.;59
225;1;A;os documentos se referem ao otimismo anterior à copa de 1950 e à derrota do Brasil para o Uruguai, no então recém inaugurado Maracanã, no Rio de Janeiro.;61
226;5;B;sediar a IV Copa do Mundo – a primeira Copa a ser realizada após a Segunda Guerra – e construir o Maracanã em tempo recorde são fatores que contribuíram para divulgar uma imagem ufanista da identidade nacional brasileira.;61
227;0;C;a televisão, da década de 1950, foi a responsável por tornar o futebol um esporte de massas no Brasil.;61
228;4;D;a extrema valorização do futebol pela mídia brasileira possibilita comparações desproporcionais como a derrota para o Uruguai ao evento de Hiroshima.;61
229;0;A;os mapas no século XVI tinham finalidade ilustrativa, por isso a presença de elementos artísticos em meio a informações do território.;62
230;1;B;o mapa apresenta, em 1593, um grande conhecimento europeu sobre o território americano devido à quantidade de informações nele contidas, como a nomeação de toda a costa litorânea e a descrição de costumes indígenas em terras brasileiras.;62
231;5;C;na elaboração do mapa, o registro de novas terras através de experiências adquiridas une-se a um repertório pré-existente de imagens fantásticas, num choque entre realidade e imaginação.;62
232;4;D;a ilustração do litoral povoado por monstros marinhos sugere a presença do imaginário europeu na identificação das inóspitas terras americanas.;62
233;1;A;a cama foi o estopim de um conflito judicial.;63
234;4;B;aos homens bons cabia o gerenciamento policial e judiciário da colônia, exercendo também o papel de representantes da ordem metropolitana.;63
235;0;C;o conflito revelava a precariedade do mobiliário e a de carpintaria no território colonial que, a partir de denúncia feita à Câmara de São Paulo, acabou tendo repercussão posterior, como mostra o poema de Mario de Andrade.;63
236;5;D;a “divertida” disputa judicial pela cama reflete os jogos de poder e hierarquia do Brasil colonial.;63
237;5;A;a cultura popular brasileira é utilizada no processo de formação de uma identidade nacional e, nesse processo, o samba e o carnaval são tomados como expressões genuínas dessa cultura.;64
238;0;B;o samba, o carnaval e a bossa nova são manifestações culturais populares e democráticas, pelas quais a identidade nacional é expressa e compartilhada de forma homogênea por todos.;64
239;4;C;o samba e o carnaval são produtos de uma cultura brasileira e como tais expressam as contradições de uma sociedade desigual.;64
240;1;D;na charge e na letra da música, a “madame” é caracterizada pela sua condição econômica e por sua cor.;64
241;5;A;as falas de Fernando Collor e Ulysses Guimarães demarcam um contraponto de atitudes, entre a velha classe política e a nova. Ulysses critica veementemente a ação econômica de Collor, quanto ao confisco do dinheiro da população brasileira, rememorando outro período da história nacional.;65
242;4;B;as falas expressam adjetivos que se referem à aparência e à jovialidade do Presidente Fernando Collor de Mello.;65
243;1;C;a maior parte das falas aborda a aparência física do presidente e, no plano do marketing político, relaciona a capacidade administrativa à juventude e à beleza.;65
244;5;D;Collor e Ulysses Guimarães haviam sido aliados na época das Diretas-Já.;65
245;4;A;a fotografia é uma referência ao lema integralista “Deus, Pátria e Família.”;66
246;0;B;a Ação Integralista Brasileira foi fundada por fascistas italianos no Brasil.;66
247;5;C;na imagem, a “família integralista” se sobrepõe à família definida pelos laços de sangue.;66
248;1;D;à exceção da noiva, o tema central da foto é masculino e integralista.;66
249;5;A;utiliza dados reais sobre o analfabetismo para construir uma metáfora sobre a distância entre a idéia de cidadania e seu exercício efetivo.;67
250;0;B;critica a Constituição Brasileira que não dá acesso a todos os indivíduos da nação.;67
251;1;C;demonstra que a grande maioria da população brasileira era analfabeta em 1876.;67
252;4;D;no trecho “Votam como vão à festa da Penha, - por divertimento” faz uma crítica à participação política da população brasileira do período.;67
253;1;A;segundo a autora francesa as principais características das brasileiras são a necessidade de demonstrar que mandam e a vergonha de mostrar que trabalham.;68
254;4;B;o documento possibilita a compreensão de parte da vida cotidiana do inicio do século XIX, já que nos permite visualizar a organização de uma rede de relações de trabalho.;68
255;0;C;o texto indica que os ganhos obtidos pelos escravos na cidade eram insignificantes.;68
256;5;D;é uma descrição movida pelo estranhamento que o olhar estrangeiro tem ante a organização do trabalho e a vida doméstica no Rio de Janeiro do século XIX.;68
257;1;A;o excerto traça um histórico da vida de Getúlio Vargas, que ingressou no cenário político nacional após a Revolução de 1930.;69
258;4;B;o autor critica o caráter pragmático da política adotada por Vargas.;69
259;5;C;segundo o excerto, o suicídio encobre num manto de esquecimento as contradições dos atos políticos praticados por Getúlio.;69
260;0;D;segundo o autor, Getúlio fora fiel ao State democrático de direito, chegando mesmo à prática do suicídio como forma de protesto e de defesa de tais ideais.;69
261;0;A;retratar indígenas do Brasil era proibido pelo governo português e pela Igreja durante o século XVI, por isso o artista do quadro O inferno preferiu não se identificar ou assinar a obra.;71
262;5;B;as duas imagens expressam pontos de vista diferentes sobre os indígenas na América portuguesa, mas, em ambas, há um ponto comum: os ameríndios aparecem estilizados, em contextos cristãos e retratados do ponto de vista do europeu.;71
263;4;C;no quadro Adoração dos magos, o indígena que substitui um dos reis magos, pode ser interpretado como a possibilidade de integração dos nativos à fé e à tradição cristãs.;71
264;1;D;no quadro O inferno, atributos indígenas no demônio, como o cocar, podem ser interpretados como uma associação entre a imagem dos índios e o mal.;71
265;1;A;os museus têm um caráter pedagógico que podem torná-los um importante auxílio no ensino de modo geral.;72
266;5;B;há uma clara diferença entre constituir acervos e coleções e comunicar esse acervo por meio de exposições para o público.;72
267;4;C;realizar processos de seleção e articular idéias em detrimento de outras faz parte do modo de funcionamento dos museus.;72
268;0;D;o texto defende que temas como nacionalismo, regionalismo e elementos da natureza não são temas pertinentes à prática do museu.;72
269;4;A;foi um movimento permeado pelas idéias iluministas que contestava o poder absoluto do rei.;73
270;1;B;estabelecia o fim da Monarquia como caminho para a liberdade.;73
271;0;C;afirmava o despotismo e a tirania do sistema monárquico, apontando a democracia plena e universal como alternativa desejável.;73
272;5;D;negava a divindade do Rei ao afirmar que o mesmo fora criado pelo povo.;73
273;4;A;os diferentes processos históricos vividos na região amazônica podem ser observados a partir de suas práticas culinárias.;74
274;1;B;os índios, os negros, as migrações internas e externas contribuíram para a formação da culinária amazônica ao longo de séculos.;74
275;0;C;o fato de os alimentos virem de diferentes origens prova que aquela região não tem uma cultura culinária própria.;74
276;5;D;a especificidade culinária da região amazônica sintetiza em si grandes marcos de exploração e expansão do território brasileiro.;74
277;1;A;Ângelo Agostini critica não apenas a postura do líder do Partido Liberal, como também os fazendeiros por ele representados.;75
278;0;B;a frase “escravidão ou morte” demonstra como a sociedade brasileira do século XIX não poderia sobreviver sem o trabalho dos escravos.;75
279;5;C;ao comparar o “projecto de uma estátua equestre para o illustre chefe do partido liberal” àquela de Pedro I, o autor atrela a ideia de independência à de abolição.;75
280;4;D;retrata a luta dos senhores de escravos para a manutenção da escravidão representando-os como cruéis.;75
281;4;A;o texto do jornal cristaliza uma interpretação histórica do Brasil.;76
282;1;B;o documento retrata a valorização de um mito nacional, Tiradentes, que se enraizou no imaginário brasileiro como um símbolo de luta pela liberdade pátria.;76
283;5;C;a identificação de Silvério dos Reis como sendo um “não brasileiro” constrói uma perspectiva histórica de nacionalismo ausente no momento da Inconfidência Mineira, mas em discussão no período em que o texto foi escrito.;76
284;0;D;o Diário de Minas define Tiradentes como um herói nacional ao estabelecer uma linearidade histórica entre a Inconfidência Mineira e a Proclamação da República.;76
285;1;A;Frei Vicente do Salvador nos mostra no nome “Brasil” a característica demoníaca do lugar.;77
286;5;B;o esforço do autor é reafirmar os objetivos da colonização portuguesa: o desbravamento, a ocupação de terras brasileiras e as premissas cristãs.;77
287;4;C;Frei Vicente reforça sua argumentação ao citar a experiência de um bispo em terras brasileiras, que percebe problemas da colonização na ausência de um interesse comum.;77
288;0;D;por estar preocupado com a questão religiosa na colônia, a problemática central do frei é investigar a origem do nome “Brasil”.;77
289;1;A;as imagens do “Cigarro Fascista” e da “Civilização” representam formas de propagandear ideologias diversas.;78
290;5;B;as imagens representam a diversidade política presente na imprensa brasileira comercial e operária da década de 1920, remetendo a ideologias contraditórias e concomitantes como o fascismo e o anarquismo.;78
291;0;C;o anarquismo foi a principal ideologia presente nos movimento operários das décadas de 1910 e 1920, na cidade de São Paulo.;78
292;4;D;a propaganda do cigarro apresenta como o ideário fascista também estava presente no universo político da década de 1920. Algumas associações são representativas desse ideário, como a “Società Dopo Lavoro” e a “Liga Operária Católica”, introduzida no Brasil em 1902.;78
293;4;A;os relatos se constituem numa fonte de pesquisa que faz referência a um momento da imigração italiana, caracterizada pela contratação de mão-de-obra estrangeira para a lavoura do café e do posterior processo de migração e de crescimento urbano de São Paulo.;79
294;1;B;as lembranças descrevem a vida familiar, a escola, o trabalho, as atividades urbanas, e todas passam a fazer parte do relato de vida do entrevistado.;79
295;5;C;os depoimentos dos entrevistados são um trabalho de elaboração do passado, realizado por meio de um esforço de compreensão e de esclarecimento a partir do presente.;79
296;0;D;as memórias pessoais são fontes que não podem ser utilizadas por historiadores, por serem documentos parciais.;79
297;0;A;o ex-ministro das Relações Exteriores, Magalhães Pinto, apóia uma maior centralização do poder nas mãos do presidente da república como forma de contornar o contexto de caos em que o país estava mergulhado.;81
298;4;B;o contexto em que a reunião do Conselho de Segurança Nacional ocorreu fora caracterizado por movimentos de agitação e oposição ao regime militar, sendo exemplo disso o discurso do então deputado federal Márcio Moreira Alves, proferido em 1968.;81
299;5;C;na argumentação de Magalhães Pinto, a ditadura apresentava-se como necessária e incontornável e o general Arthur Costa e Silva, como vítima desse processo.;81
300;0;D;a fala do ministro evidencia que desde o início havia um plano de endurecimento do regime político previsto pelos militares, como foi feito com o fechamento do Congresso Nacional.;81
301;0;A;em ambos os casos fica explicita a idéia que o brasileiro é de natureza malandra.;82
302;1;B;nos sambas, há uma caracterização nítida do malandro, que envolve suas roupas, seus sapatos, hábitos e relação com a música.;82
303;5;C;"o malandro descrito por Wilson Batista critica a idéia do enriquecimento e ascensão pelo trabalho; o malandro descrito por Noel Rosa tampouco se dedica ao trabalho (rapaz folgado) mas se afasta da violência.";82
304;4;D;no período, o samba se mostrava cada vez mais uma mercadoria valiosa e sua produção e divulgação era fiscalizada pelo Departamento de Imprensa e Propaganda.;82
305;1;A;os dois textos trazem idéias relacionadas à ação do Partido Comunista, no final da década de 1940.;83
306;0;B;dada a formação religiosa de grande parte da classe trabalhadora brasileira, o Partido Comunista Brasileiro propunha sensibilizar o proletariado a partir de convicções religiosas, para daí alcançar seus objetivos revolucionários.;83
307;4;C;o Partido Comunista Brasileiro estava alinhado às diretrizes do Partido Comunista Soviético, que naquele contexto avançava seu domínio no Leste Europeu.;83
308;5;D;o depoimento do trabalhador-militante comunista aborda um modo possível de levar a idéia de mobilização aos seus colegas de trabalho, tendo em vista a ilegalidade do partido e a dificuldade de organizar o movimento no interior do país.;83
309;4;A;a imigração árabe, mais especificamente a sírio-libanesa, teve como destino as grandes capitais brasileiras no início do séc. XX, que estavam sofrendo um processo de transformação urbana e ampliação, por exemplo, de mercados e serviços, caracterizados pelo mascate e pelas “lojinhas”.;84
310;1;B;os documentos retratam, de diferentes maneiras, a presença do imigrante árabe na sociedade brasileira e sua influência sobre a cultura.;84
311;5;C;dentre as razões para a imigração de árabes e sírio-libaneses está a desagregação do império Turco-Otomano – uma das razões para serem chamados de turcos – e o fato de poderem atuar, no Brasil, em setores como o comércio de artigos e produtos manufaturados.;84
312;0;D;a razão que levou os imigrantes sírio-libaneses a atuarem em atividades econômicas vinculadas ao comércio e às cidades foi a inadaptação dessas comunidades ao trabalho no campo.;84
313;4;A;o lento desaparecimento da cultura de cana no Brasil trouxe o fim dos engenhos.;85
314;1;B;trata-se de uma narrativa que descreve o Brasil pós-1930, a crise do setor agroexportador da cana de açúcar e a reorientação do eixo econômico para a indústria.;85
315;5;C;a narrativa descreve a fragilidade econômica do engenho e o desgaste de seu senhor.;85
316;0;D;apresenta metaforicamente mudanças tecnológicas e das relações de trabalho e de poder no Nordeste brasileiro pós-1930.;85
317;0;A;o declínio na construção de novos conventos no Brasil possibilitou o aumento de casamentos no Brasil colonial.;86
318;5;B;as opções de casamento eram restritas pela distribuição desigual de homens e mulheres pelo território colonial bem como por questões de dote e estatutos de pureza de sangue.;86
319;4;C;a situação de falta de mulheres na colônia levou à promulgação de um alvará régio em 1732 proibindo a saída de mulheres do Brasil para Portugal.;86
320;1;D;o documento opõe a vida religiosa à vida conjugal, optando pela segunda como mantenedora da povoação das terras brasileiras.;86
321;4;A;a presença da arquitetura jesuítica do século XVII.;87
322;1;B;o grande movimento de pessoas e a ocupação dos espaços torna difícil visualizar o conjunto arquitetônico tombado.;87
323;0;C;o tombamento de um patrimônio cultural é suficiente para garantir a sua preservação.;87
324;5;D;a coexistência do bem cultural com a atividade comercial viabiliza indiretamente o reconhecimento do patrimônio cultural.;87
325;1;A;até o meio do século passado, arqueólogos aceitavam a hipótese de que a América teria sido povoada há mais ou menos 12 mil anos, a partir da migração de povos oriundos da Ásia.;88
326;4;B;a simultaneidade do povoamento no norte e no sul do continente, pressuposta pela datação do carbono 14, em Lagoa Santa, enfraquece a hipótese de um foco único de origem do Homem Americano.;88
327;0;C;as pesquisas arqueológicas realizadas no Brasil não contribuem para a compreensão do povoamento da América, já que os achados brasileiros são contemporâneos aos encontrados nos planaltos da América do Norte.;88
328;5;D;quanto mais distantes os eventos históricos, menos precisas são as informações e maior a necessidade de recorrer a abordagens interdisciplinares para interpretá-los.;88
329;0;A;no documento de 1925 estão presentes as mesmas justificativas difundidas para a transferência da capital para o Planalto Central, 32 anos mais tarde, com a construção de Brasília.;89
330;5;B;no primeiro documento fica implícito o contexto histórico marcado pelos movimentos tenentistas e as reivindicações da classe trabalhadora.;89
331;4;C;no contexto histórico de 1925, o presidente entende que a capital deveria ser construída em um lugar neutro em relação às reivindicações de classes e sob a luz do exemplo norte-americano.;89
332;1;D;a argumentação de JK enfatiza a necessidade de integração nacional e faz referência aos textos constitucionais que já previam a transferência da capital federal desde a primeira constituição da República.;89
333;1;A;o texto escrito pelo advogado soteropolitano Edison Carneiro, estudioso dos cultos religiosos africanos no Brasil, durante os anos 1940, apresenta os quilombos como uma reação negativa e simples do homem negro à escravidão.;90
334;0;B;os textos de Edison Carneiro, Zezito Araújo e Rappin Hood atestam o interesse histórico e social acerca do Quilombo de Palmares. Desde o século XVII até a atualidade, Palmares tem sido objeto de discussão, admiração e exaltação por parte da historiografia e da sociedade como um todo.;90
335;5;C;para Rappin Hood, Zumbi seria um símbolo da luta contemporânea dos negros. De forma anacrônica, o rapper projeta um conceito atual, o de cidadania, para o contexto do Brasil do século XVII.;90
336;4;D;as palavras do historiador Zezito Araújo, escritas em um contexto temporal diferente do vivenciado por Edison Carneiro, exaltam a experiência social do Quilombo de Palmares que teria permitido a convivência de índios, negros, brancos e gentis. Ao contrário de Carneiro, a excepcionalidade de Palmares não se encontra na força bélica deste quilombo.;90
337;4;A;a idéia de “moldar sua própria história” se refere à autonomia dos povos indígenas quanto ao contato com o homem branco, longe de serem tratados apenas como vítimas do processo.;91
338;5;B;os mitos servem ao conhecimento da história de cada grupo indígena, contada pelos próprios sujeitos do processo, de modo que não existe uma história unívoca do contato entre índios e outros.;91
339;1;C;os textos abordam a situação de contato narrada pelos povos indígenas por meio da reelaboração dos seus mitos.;91
340;0;D;os mitos são relatos fixos sobre as origens dos povos indígenas e narram o contato inicial com os europeus desde sua chegada.;91
341;1;A;trata-se de uma referência a epidemia de febre-amarela na cidade do Rio de Janeiro, em 1876.;92
342;0;B;a charge mostra o ministro agradecendo à morte, pois a atuação dela permite combater o problema da febre amarela.;92
343;5;C;por meio do diálogo entre a Febre e o Ministro do Império o autor faz uma crítica às políticas públicas de combate à doença e aos órgãos por ela responsáveis.;92
344;4;D;aponta para números assustadores de mortos, mais de 80 por dia, demonstrando que as epidemias eram um sério problema para a população e o governo Imperial.;92
345;1;A;inicia descrevendo uma manifestação popular que começa nas ruas e que se encaminha para a Casa da Câmara, onde se reuniam os governantes locais.;93
346;5;B;conclui que, apesar do lema “carne sem osso e farinha sem caroço”, o preço dos alimentos não é razão suficiente para explicar o motim.;93
347;0;C;considera corriqueiros os ataques ocorridos violentos contra a Câmara e contra a população.;93
348;4;D;apresenta vários argumentos que tornam um acontecimento aparentemente pontual em um acontecimento de significado mais amplo.;93
349;1;A;trata de um movimento ocorrido na Bahia em contestação a carestia dos gêneros alimentícios, especialmente da farinha de mandioca principal fonte de alimento dos mais pobres, que culminou em violência sendo reprimido pelo governo e pela guarda nacional.;94
350;0;B;o protesto contra as freiras francesas e contra a carestia de preços serviram são manifestações cotidianas que não se associam a tensões já existentes entre a Câmara e o Presidente da Província.;94
351;5;C;o movimento “Carne sem osso e farinha sem caroço” deve ser inserido em um grupo de movimentos que apontam para uma cultura política de protesto contra estrangeiros e de afirmação nacional recorrente na Bahia desde o período colonial.;94
352;4;D;ao emprestarem ao protesto gestos rituais, como acercarem-se da Câmara e tocar o sino, os manifestantes acabavam por legitimar o movimento, na medida em que esses gestos remetiam a outros momentos em que a busca por direitos havia sido levantada.;94
353;1;A;a parede de taipa, as bases estruturais de madeira e o chão de terra batida representam o ambiente rústico de morada desse caipira no que se refere à técnica de construção utilizada.;95
354;5;B;o caipira conforme ali representado transformou-se numa espécie de símbolo do homem simples do interior.;95
355;4;C;o quadro nos sugere dois olhares possíveis sobre a vida caipira, ora compreendida sob a perspectiva do atraso interiorano, ora valorizada pela leveza e simplicidade.;95
356;0;D;o caipira mostrado pelo artista em 1893 ainda é constantemente encontrado em regiões distantes do interior do país.;95
357;0;A;a carta de Caminha perde importância histórica quando comparada aos documentos produzidos por Américo Vespúcio.;96
358;4;B;no início do século XVI, aparecem textos inaugurais sobre a nomeação e o conhecimento do Novo Mundo.;96
359;5;C;a versão oficial da história do Brasil que estabelece a viagem de Pedro Álvares Cabral como a mais importante implica o apagamento de outras expedições.;96
360;1;D;as cartas de Américo Vespúcio tornam o empreendimento português de interesse na Europa.;96
361;1;A;o autor do relato tinha como público leitor pessoas que desconheciam as práticas cotidianas do catolicismo no Brasil da primeira metade do século XIX.;97
362;4;B;pela descrição podemos afirmar que algumas práticas cotidianas do catolicismo nivelavam os grupos sociais e não levava em conta a hierarquia clerical.;97
363;0;C;tal como apresentado no relato, os negros eram obrigados a seguir práticas religiosas diversas das suas práticas originais.;97
364;5;D;muitas das práticas devocionais daquele tempo ainda fazem parte da cultura religiosa do Brasil atual;97
365;5;A;a região do Pantanal foi descrita pelos conquistadores europeus, sobretudo espanhóis, entre os séculos XVI e XVII, como dotada de uma geografia mágica, na realidade desconhecida pelos europeus.;98
366;4;B;trata-se de uma descrição feita por um autor europeu que estabelece uma analogia entre o “mar” conhecido por eles e os rios em cheia.;98
367;1;C;no texto, o narrador do século XVI aponta a relação entre a sazonalidade na natureza que marca o ritmo da vida nas terras inundáveis do atual Pantanal, com a vida cotidiana dos seus habitantes, os naturais do rio.;98
368;0;D;a região descrita foi incorporada ao território nacional no final do século XIX, quando se consolidou a expansão para o Oeste.;98
369;4;A;afirma o despreparo do exército brasileiro frente à Guerra do Paraguai.;99
370;1;B;reforça a figura de D. Pedro II como um imperador pacífico e ordenador.;99
371;5;C;propõe a interpretação que retira qualquer responsabilidade do Brasil pela Guerra do Paraguai ou os excessos porventura cometidos.;99
372;0;D;elogia a insubmissão das classes militares à figura do Imperador.;99
373;1;A;trata da revogação da carta de liberdade – com condição de servir por 20 anos – concedida ao escravo Paulino Crioulo.;101
374;4;B;permite verificar que a revogação de liberdade por ingratidão era uma possibilidade legal, amparada pelo Título 63 do Livro IV das Ordenações Filipinas.;101
375;5;C;apresenta a carta de alforria como um instrumento utilizado pelo senhor para garantir a o trabalho e fidelidade do escravo ao longo de muitos anos.;101
376;0;D;demonstra como a possibilidade da revogação da liberdade tornava a alforria pouco desejada pelos escravos.;101
377;0;A;a autora discorda das interpretações históricas clássicas que definem a Guerra dos Emboabas como uma revolta nativista, afirmando que não havia no século XVIII um sentimento de nação brasileira.;102
378;5;B;segundo a interpretação do IHGB, nas disputas que envolveram paulistas e emboabas, germinava o sentimento nacionalista, sendo possível, portanto, compor uma correspondência histórica entre esse episódio e os movimentos de independência no século seguinte.;102
379;4;C;os emboabas, assim denominados de forma pejorativa pelos bandeirantes paulistas, eram um grupo heterogêneo de portugueses e brasileiros de diversas regiões, como a Bahia.;102
380;1;D;o debate proposto pela autora busca pensar o episódio dessa guerra a partir de diferentes características a ele atribuídas.;102
381;1;A;o documento demonstra um profundo desejo por reformas políticas e sociais, de modo a alinhar o país à tendência republicana existente na América.;103
382;5;B;a América a que o Manifesto Republicano faz referência era composta por repúblicas consolidadas e outras em processo de formação.;103
383;0;C;por meio do Manifesto Republicano de 1870, os autores buscavam reformar o Império por vias pacíficas e diplomáticas.;103
384;4;D;o Manifesto Republicano de 1870 foi escrito no único país naquele momento, nas Américas, a possuir sistema monárquico.;103
385;1;A;a organização dos guerreiros revoltosos foi inspirada na lenda de Carlos Magno e seus Doze Pares de França.;104
386;0;B;teve caráter religioso e definiu-se pelo fanatismo dos camponeses expulsos das terras onde trabalhavam.;104
387;5;C;"a guerra resultou dos limites impostos aos mandonismos locais, em conseqüência do envolvimento dos “coronéis” nas questões dos limites das terras; os sertanejos passaram a perceber de maneira mais clara a violência a que estavam submetidos.";104
388;4;D;a questão da terra revertida com a instalação da estrada de ferro aparece como causa secundária que levou a desestabilizações nas vidas dos sertanejos, ao desequilíbrio de relações políticas locais e familiares e, por fim, a um conflito sangrento.;104
389;5;A;o homem branco está ligado à idéia de civilização e o índio associado à natureza.;105
390;4;B;o engenheiro posiciona-se de modo confortável, enquanto o índio parece deslocado dentro de seu próprio ambiente.;105
391;1;C;a abertura de caminhos de ferro proporcionou o contato com nativos.;105
392;0;D;a chegada da estrada de ferro colocou homem branco e índio em situação de igualdade.;105
393;0;A;tratava-se de um jornal de propaganda política da monarquia dos Bragança.;106
394;5;B;tratava-se de mais um ato considerado civilizatório no interior da política de metropolização da cidade do Rio de Janeiro levada a cabo pelo governo do Príncipe Regente D. João.;106
395;1;C;era importante receber notícias da guerra que transcorria em solo europeu e desencadeara a transplantação da corte.;106
396;4;D;apesar de serem voltadas para uma camada letrada da corte e de outras partes do Brasil, as notícias eram lidas em voz alta em botequins, armazéns e praças, difundindo-se entre as camadas populares.;106
397;4;A;a questão da terra ganhou outra dimensão no Brasil a partir daquela data, uma vez que o State definiu a transferência do seu domínio ao particular, porém foram gerados muitos papéis falsos quanto à posse da terra.;107
398;5;B;a legislação da terra foi articulada pela elite do café, pois com ela foi incentivada a vinda de mão de obra estrangeira para substituição do trabalho escravo.;107
399;0;C;a Lei de Terras de 1850 solucionou a questão agrária no Brasil, ao facilitar o acesso à posse de terras pelo trabalho.;107
400;1;D;até aquela data, a questão da terra ainda não tinha uma legislação específica no Brasil e seu domínio era garantido pelo direito de sesmaria.;107
401;1;A;a mensagem presidencial faz referencia à vinda de astrônomos europeus à cidade de Sobral, no Ceará, indicando as medidas tomadas para a recepção e deslocamento desses cientistas.;108
402;4;B;o Ministério das Relações Exteriores e da Agricultura, Industria e Commercio lidou com a visita dos cientistas, já que o Brasil não possuía universidades ou um Ministério de Ciência e Tecnologia.;108
403;0;C;naquele momento, a cidade de Sobral era a única a possuir um observatório astronômico no Brasil.;108
404;5;D;Sobral era um local privilegiado para observar o eclipse total do sol e dessa forma comprovar a teoria da relatividade geral de Albert Einstein.;108
405;1;A;as imagens vinculam o trabalho doméstico e a utilização de eletrodomésticos à figura feminina.;109
406;5;B;a propaganda vincula-se ao aumento do consumo de bens industrializados pelas classes médias no Brasil.;109
407;4;C;a propaganda propõe que a condição para uma vida familiar feliz estava condicionada ao consumo e à utilização de aparelhos elétricos para tornar o trabalho doméstico mais prático e eficiente.;109
408;0;D;a propaganda mostra que os eletrodomésticos davam autonomia para que a mulher se realizasse profissionalmente.;109
409;5;A;a versão nacional de Lili Marlene adapta a letra da canção ao contexto brasileiro, trazendo referências aos locais de treinamento e de combate dos pracinhas e fazendo menção a influências culturais estrangeiras e aos valores da luta contra a opressão.;110
410;4;B;"a música faz referência ao símbolo e grito de guerra do Primeiro Grupo de Aviação de Caça da Força Aérea Brasileira; “Senta a Pua!”.";110
411;1;C;a versão brasileira e a canção original falam sobre o amor entre um soldado e sua amada, mas na versão nacional o soldado alemão é tratado como inimigo.;110
412;0;D;a parte final da versão brasileira de Lili Marlene, que se refere a “louros da vitória” e “escrever uma página da História”, sustenta-se no fato de que as tropas brasileiras não tiveram baixas durante a Segunda Guerra.;110
413;4;A;o historiador procurou dar um tom romanceado ao momento da escrita da Carta, de forma a atrair e cativar seu público leitor.;111
414;1;B;ao destacar a importância de Caminha e da Carta do Descobrimento, ele destacava a importância da descoberta que havia feito, do documento mais antigo relativo à existência do Brasil.;111
415;0;C;Varnhagen não escreveu como um verdadeiro historiador do século XIX, pois estava romanceando e imaginando acontecimentos que não teria como conhecer de fato.;111
416;5;D;os acontecimentos da noite em que a carta foi escrita, assim narrados, são verossímeis.;111
417;1;A;a visão do governo norte-americano em relação à ditadura militar brasileira (1964-1985) alterou-se a partir da pressão de ativistas, exilados e grupos da sociedade civil.;112
418;4;B;o apoio dos EUA ao golpe de 1964 insere-se na lógica da Guerra Fria e do anticomunismo presentes entre norte-americanos e militares brasileiros.;112
419;5;C;a troca de informações entre grupos da sociedade civil no Brasil e dos EUA burlava o controle da censura e contribuía para o questionamento do apoio dado pelo governo americano aos militares no Brasil.;112
420;0;D;a prática da tortura no Brasil só foi observada como um fenômeno repulsivo após a descoberta de ações semelhantes durante a Guerra do Vietnã.;112
421;1;A;as ações dos ativistas que denunciavam a tortura no Brasil contribuíram para que se popularizasse nos EUA a noção de direitos humanos.;113
422;4;B;as legislações que proibiam ajuda financeira dos EUA a países que desrespeitassem os direitos humanos eram uma forma de pressionar o governo brasileiro e o empresariado, dadas as intensas relações econômicas entre os dois países.;113
423;5;C;desde a doutrina Monroe (1823), a América Latina é para os Estados Unidos uma região de interferência política. Exemplos recentes, além do caso brasileiro, foi o apoio aos regimes militares no Chile, Argentina e Uruguai.;113
424;0;D;os EUA foram os maiores responsáveis tanto pela criação quanto pelo fim da ditadura no Brasil.;113
425;1;A;devido à noção da época sobre a indignidade do trabalho, o jesuíta propõe “paciência” aos escravos como forma de iludi-los e, assim, condicioná-los à realização das tarefas nas lavouras.;114
426;4;B;Vieira utiliza-se de passagens bíblicas da vida de Cristo para confortar os negros sobre sua condição de escravos.;114
427;5;C;a partir da lógica social, política e econômica de seu período, Vieira proporciona aos negros um sentimento de pertencimento ao mundo colonial na medida em que os define como mártires dessa sociedade brasileira.;114
428;0;D;ao evocar os episódios bíblicos da Paixão de Cristo e compará-los à situação do negro no Brasil, Vieira legitima o sistema escravocrata vigente na colônia.;114
429;5;A;a perspectiva histórica de Schwartz rompe com a dualidade de vítimas e opressores para um estudo da sociedade da grande lavoura, frisando a complexidade existente na relação entre eles.;115
430;1;B;a história colonial brasileira está fortemente relacionada a um discurso produzido pelos latifundiários, sendo eles tanto os fornecedores de documentos para esse recontar histórico como o seu personagem central.;115
431;4;C;pensar a escravidão como parte de “uma estrutura mais abrangente de relações sociais e econômicas” é uma forma de não correr o risco de privilegiar mais uma vez, agora na figura do escravo, um único caminho para a análise da sociedade colonial.;115
432;0;D;o historiador indica que o tipo de documento utilizado determina a interpretação possível sobre o passado.;115
433;4;A;ex-voto constitui uma forma de “agradecimento” por uma graça alcançada.;116
434;1;B;as imagens retratam dois acidentes com desfecho não trágico, um relativo à queda de cavalo de D. Pedro I e outro sobre o afogamento de um escravo.;116
435;5;C;as imagens dos ex-votos narram um contato direto e particular entre o fiel e seu santo intercessor.;116
436;0;D;os ex-votos desde o século XVIII dizem respeito à uma prática das camadas sociais menos favorecidas.;116
437;1;A;os habitantes dos povoados, livres ou escravizados, distribuíam-se de forma esparsa pelo território.;117
438;5;B;a descrição da técnica construtiva e dos modos de morar na colônia tem por referência a forma de construir e morar na Europa.;117
439;0;C;a descrição confirma que no Brasil colonial inexistiam técnicas construtivas.;117
440;4;D;o texto associa a beleza dos edifícios ao uso de técnicas e materiais modernos.;117
441;0;A;as representações européias como as Narrenschiff, trionfi e Charriots foram transpostas para o Brasil colonial.;118
442;4;B;carros alegóricos foram introduzidos nas festividades coloniais com o objetivo de exibir o poder religioso ou real à população.;118
443;1;C;os eventos públicos na colônia não se limitavam às festividades de caráter religioso.;118
444;5;D;as representações barrocas da colônia brasileira transformaram as práticas festivas portuguesas, fundindo encenações religiosas e teatrais.;118
445;0;A;a indenização mencionada no texto procurava compensar os escravos por seus anos de cativeiro.;119
446;4;B;o texto expressa a opinião de grupos monarquistas absolutistas.;119
447;1;C;o autor da carta compara a abolição no Brasil a outros movimentos no mundo.;119
448;5;D;o movimento abolicionista teve participação de ativistas de differentes setores sociais organizados em associações antiescravistas e contou com intercâmbio de idéias e ações internacionais.;119
449;1;A;Não são apenas as experiências de rotina dentro das fábricas ou acontecimentos como as greves que permitem compreender a realidade dos trabalhadores.;121
450;0;B;No mundo do trabalho a presença das mulheres é menor e incidental.;121
451;5;C;Os trabalhadores compartilham experiências e valores que implicam a criação de identidades de classe.;121
452;4;D;Os mundos do trabalho estão também nas práticas cotidianas, que incluem o lazer e outras formas de sociabilidade.;121
453;5;A;A prática de voto descrita como “cabresto” estava na base da política dos governadores posta em prática pelos grupos oligárquicos na chamada República Velha, com o objetivo de manterem-se no poder.;122
454;1;B;A charge mostra o eleitor na forma de um burro sendo levado até as urnas pelo político e recebido por uma mulher representando a “soberania”.;122
455;4;C;A charge representa uma das fraudes eleitorais da Primeira República, quando o eleitor recebia e depositava na urna um papel com o nome do candidato do coronel da região, sem fazer sua própria escolha.;122
456;0;D;A charge mostra o papel da mulher como eleitora na década de 1920, representada no documento pela soberania.;122
457;1;A;Assim como o cortiço é descrito como se fosse um organismo vivo, as personagens são descritas confundindo-se com os próprios animais que lá viviam.;123
458;4;B;O autor trata a questão dos cortiços como uma representação coletiva que trazia incômodo a outros grupos sociais.;123
459;0;C;Os cortiços foram os maiores culpados pelo crescimento desordenado da cidade do Rio de Janeiro e pela proliferação de doenças.;123
460;5;D;O cortiço é um reflexo de um planejamento urbano que não contemplava todas as classes sociais.;123
461;4;A;As populações pré-históricas organizadas adaptam-se de diferentes maneiras ao meio em que vivem.;124
462;5;B;A imagem estereotipada do homem pré-histórico criada no século XIX ainda é difundida pelos meios de comunicação como cinema e televisão.;124
463;1;C;O estereótipo europeu do homem pré-histórico não é aplicável aos primeiros habitantes do território hoje chamado de Brasil.;124
464;0;D;O homem pré-histórico de regiões tropicais vivia em um clima ameno, sem inimigos naturais e com muitos materiais a sua disposição.;124
465;0;A;Os portugueses ignoravam as minas encontradas uma vez que os metais e pedras preciosas não eram, naquele momento, importantes para a economia europeia.;125
466;4;B;A comparação entre portugueses e caranguejos se explica pela ocupação exclusivamente litorânea do território.;125
467;5;C;Os portugueses são retratados como os que souberam conquistar, mas não souberam explorar de forma satisfatória, as terras conquistadas.;125
468;1;D;A linha imaginária indivisível a que se refere o texto é a estabelecida pelo Tratado de Tordesilhas em 1494.;125
469;5;A;A propaganda afirma que o papel social da mulher e a qualidade do café permaneceram inalterados ao longo do tempo.;126
470;1;B;Na propaganda, a passagem do tempo é demonstrada pelas vestimentas da figura feminina e dos edifícios ao fundo.;126
471;0;C;O consumo de café se popularizou no Brasil a partir de 1902, como demonstra a propaganda.;126
472;4;D;A propaganda reflete o processo de industrialização pelo qual o Brasil passava, atingindo o beneficiamento de alimentos, como o café.;126
473;1;A;Trata-se das memórias de um migrante nortista que veio em busca de uma vida melhor para uma grande cidade emergente e trabalhou na construção civil de obras importantes.;127
474;0;B;As populações migrantes do Norte e do Nordeste não têm acesso a moradia e escola no Sul e Sudeste.;127
475;4;C;Lúcio Barbosa trabalha com a ideia metafórica, e ao mesmo tempo real, de que as metrópoles brasileiras do Sul e Sudeste foram construídas pelos migrantes do Norte e Nordeste do Brasil.;127
476;5;D;O autor explora a questão da venda de mão de obra produtiva, dentro de um ciclo de exploração no qual quem produz não tem acesso ao consumo do produto acabado.;127
477;4;A;É possível concluir que o plano de integração nacional se baseou na ampliação da malha rodoviária, como a rodovia Acre-Brasília sugere.;128
478;5;B;Interiorização, rodovia e progresso eram idéias afins que acabavam por se chocar com outras realidades existentes no interior do Brasil.;128
479;0;C;O plano de integração nacional possibilitou que o município de Rio Branco, no Estado do Acre, até então completamente isolado, se conectasse ao restante do país.;128
480;1;D;A fotografia retrata o contexto das ações político-econômicas que visavam à integração nacional ao longo das décadas de 1950 a 1970.;128
481;0;A;Cada geração de historiadores renega os estudos anteriores, fragmentando o conhecimento em história do Brasil.;129
482;1;B;A autora descreve como a produção recente sobre a história do Brasil foi se renovando e propondo novas abordagens a temas de estudo já conhecidos.;129
483;5;C;Abandonar a dualidade Brasil-Portugal e entender o Brasil como parte do Império Português amplia a compreensão dos processos de colonização, domínio e escravidão.;129
484;4;D;A história da escravidão que considera as experiências dos escravos para além da submissão ou da revolta implica considerá-los como sujeitos de sua própria história.;129
485;1;A;A imagem faz referência direta à crise política nos últimos meses do Império.;131
486;5;B;Ao colocar a imagem da “Republica” acima e afastando-se dos símbolos do Império aponta-se para a superação de um sistema de governo ultrapassado para o país.;131
487;0;C;Trata-se de uma crítica ao movimento republicano que ao crescer traz destruição à ordem vigente.;131
488;4;D;A imagem nos permite estabelecer “O Mequetrefe” como um jornal marcado pela defesa da república e contra o State Monárquico.;131
489;0;A;Por conter informações científicas revolucionárias, o documento foi ocultado até meados do século XIX.;132
490;4;B;A biografia de Mestre João demonstra as ricas experiências dos homens que se lançavam aos mares no século XV, os quais puderam conhecer as mais diversas culturas e valer-se do novo conhecimento adquirido em seus empreendimentos náuticos.;132
491;1;C;A relação com a cultura árabe foi fundamental para que os portugueses e espanhóis pudessem alcançar novos territórios.;132
492;5;D;O histórico de perseguições religiosas vividas pelo Mestre João sugere que a história das navegações seja considerada para além dos interesses comerciais do período.;132
493;4;A;A descoberta em 1843 da carta escrita por Mestre João em 1500 é importante porque ajuda a entender, através dos registros da história náutica, a cultura dos homens que se aventuraram pelos mares em busca de novas terras.;133
494;0;B;Conhecer o céu brasileiro era fundamental para a realização de navegações vindouras, embora não contribuísse para a ocupação e dominação dos novos territórios.;133
495;5;C;A comparação realizada pelo historiador entre o mapa das estrelas no início das navegações e o uso atual do GPS é um esforço de aproximar diferentes experiências históricas e de refletir sobre as diversas técnicas desenvolvidas pelo homem ao longo do tempo.;133
496;1;D;A importância do Cruzeiro do Sul foi apropriada como um símbolo de patriotismo pelo discurso republicano no final do século XIX.;133
497;5;A;Possui traços de xenofobia, marcando os estrangeiros como preferidos pela doença.;134
498;1;B;Trata-se de um comunicado da comissão médica para evitar, entre a população, o pânico causado pela possibilidade de uma epidemia de febre amarela.;134
499;4;C;Revela o pouco conhecimento sobre a doença e sua forma propagação.;134
500;0;D;Descreve a febre amarela como uma doença causada pelo clima tropical e que acomete os mais pobres.;134
501;4;A;A construção de uma fortaleza e a fundação de uma povoação na Baía de Todos os Santos era uma forma de assegurar a presença administrativa da Coroa portuguesa.;135
502;5;B;O documento revela uma estrutura de poder baseada em confiança e fidelidade na relação entre o Rei e o Governador Geral, que atuaria como representante do poder real em terras coloniais.;135
503;0;C;O sucesso encontrado por Tomé de Souza na execução do Regimento imposto pelo rei D. João III na região da Bahia fez com que ele ficasse no Nordeste e não estendesse seus compromissos para as demais capitanias.;135
504;1;D;O rei D. João III discorre sobre sua expectativa em relação à atuação de Tomé de Souza em terras brasileiras, indicando seus compromissos em conservar, fortalecer e povoar as capitanias hereditárias.;135
505;0;A;Segundo o texto, turismo e história compartilham de funções semelhantes: enquanto o turismo nos diverte ao nos levar a visitar outros lugares, a história nos diverte ao nos levar a visitar outras épocas.;136
506;4;B;A história oral pode transformar os conteúdos tradicionais e a compreensão deles, ao devolver às pessoas comuns a importância que possuem dentro de processos que elas próprias vivenciaram.;136
507;1;C;O autor identifica que, quando a finalidade social da história mostra-se obscura, ela pode ser feita de forma manipuladora ou desinteressada.;136
508;5;D;A história oral é um método de recolher relatos e testemunhos sobre eventos do passado, mesmo que seus resultados, assim como os gerados por outros métodos de pesquisa, não sejam necessariamente os mais completos ou verdadeiros.;136
509;1;A;Em finais do século XIX e início do século XX o matrimônio para a mulher tem conotação de alicerce e estabilidade de vida.;137
510;0;B;A rebeldia da mulher e a formação do operariado feminino descritos no texto II é consequência direta da domesticação da mulher descrita no texto I.;137
511;5;C;O texto I reafirma que o papel da mulher limita-se ao ambiente doméstico e reproduz uma ideologia conservadora veiculada em um jornal caracteristicamente operário.;137
512;4;D;A ideia de uma cultura feminina universal que aparece no texto I repete-se de forma coerente referindo-se ao operariado feminino descrito no texto II.;137
513;5;A;"A pobreza é representada na obra através de personagens
“de segunda classe” que chegam em trens buscando melhores
oportunidades de trabalho nos centros urbanos.";138
514;1;B;"As cores utilizadas e a expressão dos personagens na obra
sugerem um clima sombrio; seus pés descalços e roupas
simples denunciam sua origem humilde.";138
515;4;C;Trata-se de uma obra que, ao retratar um grupo familiar desembarcando numa estação de trem, esboça uma preocupação com a situação social resultante do processo de industrialização no Brasil.;138
516;0;D;Tarsila do Amaral era uma exceção dentro do movimento modernista brasileiro por retratar a temática social em sua obra.;138
517;4;A;Em Morte e Vida Severina, João Cabral de Melo Neto critica o latifúndio e o coronelismo ainda presentes no Brasil do século XX.;139
518;0;B;Nos versos “é a parte que te cabe neste latifúndio/ não é cova grande é cova medida/ é a terra que querias ver dividida”, o trabalhador rural sabe o que lhe pertence e assim se contenta.;139
519;1;C;O autor descreve no poema as tensões do campo por meio de jogos de palavras que alternam os ciclos de morte e vida.;139
520;5;D;No Auto, a parte de terra que coube ao sertanejo é uma ironia que trabalha com a realidade das forças desproporcionais em disputa em um Brasil latifundiário.;139
521;4;A;O antigo convento de São José é símbolo das remanescentes missões religiosas nas terras amazônicas...;141
522;1;B;O documento evidencia os processos de ocupação das terras interioranas do Brasil no século XVIII...;141
523;0;C;O listagem apresentada no documento descreve o esforço de Francisco de Souza Coutinho...;141
524;5;D;A nomeação do agrônomo francês Michel Grenoullier, emigrado de Caiena, como primeiro diretor do Jardim Botânico aponta para as rivalidades territoriais entre França e Brasil...;141
525;1;A;A identificação da figura de José Bonifácio como “Patriarca da Independência” ocorreu no próprio desenrolar das primeiras décadas do império...;142
526;0;B;A perpetuação de José Bonifácio como “Patriarca da Independência” decorre de sua destreza em lidar com os interesses antagônicos na política imperial.;142
527;5;C;A construção da figura mítica dos pais fundadores de uma nação está na base dos debates sobre Independência e Nacionalismo.;142
528;4;D;Há uma ambiguidade na figura e nas ações de José Bonifácio que permitiu que ele fosse aceito e rejeitado...;142
529;5;A;Intelectuais republicanos apresentaram inúmeros projetos de estandartes brasileiros...;143
530;4;B;Esta bandeira do Brasil é análoga à dos Estados Unidos, o que mostra que foi inspirada nos ideais de liberdade...;143
531;1;C;Trata-se da primeira bandeira do Brasil republicano, criada em 1889, sendo, contudo, um estandarte provisório.;143
532;0;D;A analogia com a bandeira dos Estados Unidos é um anacronismo, pois os ideais de liberdade estadunidenses provêm do século XVIII...;143
533;0;A;Apesar de os comerciantes franceses serem numericamente superiores, sua influência foi parca no comércio urbano...;144
534;5;B;As mercadorias e os hábitos franceses foram absorvidos e caracterizaram determinados espaços urbanos no Rio de Janeiro. Por outro lado, o Império comercial britânico teve escala territorial e demandou espaços de escoamento estratégicos na cidade.;144
535;4;C;O autor, ao estudar os anúncios de jornais e as crônicas de estrangeiros... caracteriza cada nacionalidade pelo tipo de comércio que realiza.;144
536;1;D;Os espaços ocupados pelos comerciantes no Rio de Janeiro foram orientados pelos diferentes tipos de mercadorias...;144
537;4;A;O protesto dos estudantes contra o governo militar representado na figura do Presidente da República se inscrevia numa série de movimentos contestatórios...;145
538;0;B;Embora contasse com cerca de 5 mil manifestantes, a Novembrada foi um movimento que acabou sem enfrentamento com a polícia local...;145
539;1;C;A imagem mostra um grupo de manifestantes segurando uma placa de bronze doada pelo presidente João Batista Figueiredo...;145
540;5;D;A Novembrada ao mesmo tempo critica a homenagem prestada ao “marechal de ferro” e o governo militar a ela contemporâneo, inscrevendo-se como um movimento contestatório no contexto do fim da ditadura militar.;145
541;5;A;O fato de os manifestantes arrancarem a placa da Praça XV de novembro significa a rejeição da memória invocada pela placa.;146
542;1;B;Pode-se inferir que o monumento a Floriano Peixoto – placa de bronze – é um documento histórico.;146
543;0;C;O ato perde o significado por se tratar de depredação do patrimônio público.;146
544;4;D;Pode-se dizer que a placa materializa a imposição de uma memória oficial que ressalta de forma positiva a imagem de Floriano Peixoto.;146
545;1;A;Propõem a limitação dos poderes dos feitores de acordo com a sua posição...;147
546;4;B;Apontam para a existência de differentes graus de importância entre os indivíduos no interior dos engenhos...;147
547;5;C;Apresentam o castigo aos cativos como algo necessário para a manutenção da ordem, desde que dentro de limites tidos como aceitáveis por senhores e escravos.;147
548;0;D;Demonstram que aos escravos não era dada a possibilidade de acusar um feitor que lhes maltratassem.;147
549;0;A;Os termos e a linguagem empregados na revista para descrever os novos e diferentes eventos esportivos demonstram o caráter popular do periódico do início do século XX.;148
550;5;B;"A seção da revista ""A Vida Moderna"" evidencia novos e diferentes espaços de sociabilidade que começavam a se formar na cidade em torno do esporte, o que sugeria certo caráter cosmopolita.";148
551;4;C;Apesar de o futebol passar por um momento de popularização do esporte, ele ainda estava muito ligado à sua origem inglesa, tal como a linguagem e os termos atestam.;148
552;1;D;A seção da revista apresenta variados eventos sociais e esportivos que começavam a se popularizar na cidade de São Paulo da década de 1910...;148
553;5;A;A empresa ambicionava adaptar o trabalhador aos ritmos da sua produção, por meio da disciplina e do controle dos espaços.;149
554;0;B;Essa empreitada fordista fracassou, pois o Brasil ainda não estava preparado para o modo de produção capitalista.;149
555;1;C;Nos relatos, os antigos trabalhadores lamentam o estado de abandono em que a sua cidade se encontrava na década de 1990.;149
556;4;D;O controle da empresa estendia-se além do ambiente de trabalho e adentrava a vida privada dos trabalhadores.;149
557;1;A;Uma das crenças daquele período era que os vapores (miasmas) emitidos pelos mortos transmitiam doenças aos vivos.;150
558;4;B;A rejeição ao cemitério na Bahia naquele momento culminou em uma revolta popular que ficou conhecida como Cemiterada.;150
559;0;C;As duas petições se contrapõem à inauguração do cemitério por considerá-lo um foco de doenças.;150
560;5;D;A mudança dos enterros das igrejas para os cemitérios implicou na secularização dos procedimentos fúnebres.;150
561;5;A;O ato de chorar na cultura dos indígenas da região da Bahia possui uma multiplicidade de significados, captado pelo cronista sob um certo olhar de estranhamento e incompreensão.;151
562;1;B;A crônica do padre Fernão Cardim descreve algumas práticas culturais dos indígenas da região da Bahia do séc. XVI...;151
563;4;C;"O autor utiliza-se de conceitos próprios de sua cultura ao tentar ""traduzir"" os fenômenos culturais dos indígenas americanos...";151
564;0;D;"Apesar de serem diferentes os costumes de recepcionar os ""estrangeiros"" em comparação com os da cultura ocidental...";151
565;0;A;O apelo por “direitos coletivos” revela a falta de conhecimento por parte dos indígenas...;152
566;5;B;O documento revela o interesse dos povos indígenas em defender seu papel de atores políticos, além de reivindicaram a segurança das suas culturas, que tem a natureza como fundamento da sua economia e garante a manutenção da vida.;152
567;1;C;Os povos indígenas almejam incluir seus interesses coletivos nas necessidades apresentadas pela comissão da ONU...;152
568;4;D;A sugestão de enfatizar o termo “genocídio dos povos indígenas” na Carta da Terra revela uma tensão vivida por esses povos...;152
569;4;A;O restauro e as conseqüentes descobertas são meios de reconhecermos uma narrativa histórica que, nesse caso de Congonhas, conta o processo de construção e interpretação do Santuário...;153
570;0;B;O esquecimento da obra ímpar de Mestre Ataíde durante um longo período de tempo deve-se ao desconhecimento das técnicas de restauro...;153
571;5;C;"O conjunto de obras que configura o Santuário de Matosinhos e que inclui pintura, escultura e arquitetura, representa uma cultura artística barroca do período colonial; mas à finalização desse complexo ocorreram interferências que por muito tempo deram destaque apenas às esculturas.";153
572;1;D;O trabalho de restauração do Santuário de Bom Jesus de Matosinhos em 2009 revelou a existência de cenários pintados por Mestre Ataíde em algumas das capelas...;153
573;1;A;A charge brinca com a abreviação do Ato Institucional no 5 veiculando o protesto e mobilização ao pedir pela anistia de presos e exilados políticos.;154
574;5;B;Na charge, há uma estreita relação de causa e conseqüência entre o Ato Institucional no 5 e a campanha de Anistia do crimes políticos.;154
575;4;C;O contexto de organização da campanha pela anistia demonstra uma primeira grande organização da sociedade civil em torno dos direitos políticos e civis cassados...;154
576;0;D;"A veiculação desse tipo de charge em jornais como ""O Pasquim"" demonstrava a franca abertura do governo em negociar o perdão aos crimes políticos...";154
577;1;A;É um relatório em forma de carta, datilografado e contendo erros de ortografia.;156
578;5;B;Está armazenado em arquivo na condição de documento histórico, embora se refira a um evento hipotético.;156
579;0;C;Dada a gravidade da denúncia e para proteger-se, o autor da missiva evitou registrar seu nome de forma legível.;156
580;4;D;O relator fornece informações que ouviu de outra pessoa, que considera confiável.;156
581;5;A;O conteúdo da carta mostra a ação do movimento Integralista que ora pende para a legalidade ora volta-se para a realização de um golpe para alcançar o poder.;157
582;1;B;O documento relata as possíveis ações que os membros do movimento Integralista poderiam tomar entre os dias 4 e 13 de novembro de 1937.;157
583;4;C;O contexto de produção do documento era caracterizado pelo acirramento político entre os movimentos de extrema esquerda, como a Aliança Libertadora Nacional (ANL) e de extrema direita, como a Ação Integralista Brasileira (AIB).;157
584;0;D;O movimento Integralista era bem aceito pelo governo Vargas, de modo que ganhou apoio dos principais escalões do governo ao longo da década de 1930.;157
585;0;A;O terrível massacre no porão do brigue, sobre o qual as autoridades não se responsabilizaram, forçou a imediata adesão do Pará à Independência do Brasil.;158
586;4;B;O Grão-Pará, que na época incluía o Amazonas, foi o último estado a aderir ao Império e em 1823 representava um dos últimos redutos portugueses em terras brasileiras.;158
587;5;C;A referência às Guerras Púnicas mostra que os estudiosos lançaram mão de eventos de outras épocas e lugares para construir uma explicação histórica sobre o massacre.;158
588;1;D;Os acontecimentos, aos serem relembrados 100 anos após ocorrerem, trouxeram à tona interpretações sobre os vencedores e os perdedores no evento.;158
589;4;A;O homem citado na Sinfonia é uma representação dos milhares de trabalhadores que migraram para a região a fim de trabalhar principalmente na atividade da construção civil, chamados de candangos.;159
590;0;B;A Sinfonia é uma crítica à destruição do ambiente natural a partir da construção da nova capital do país.;159
591;1;C;O texto descreve o aspecto selvagem e a solidão agreste da região do cerrado, a chegada do homem com fins exploratórios e a engenharia e o trabalho humano necessários para a construção de uma cidade.;159
592;5;D;A composição retrata o desafio de transladar a capital do Brasil para o interior do território chamando a atenção para a atuação do homem que domina e transforma a natureza.;159
593;0;A;A opulência impressa nos ornamentos das igrejas barrocas revelam a contradição do discurso católico do século XVII...;160
594;5;B;O estilo barroco, introduzido no Brasil pelos jesuítas, era caracterizado pela profusão de formas e ornamentos exuberantes...;160
595;4;C;O fato de a igreja mais ricamente ornamentada estar na Bahia, sendo que as principais fontes de extração de ouro estivam nas Minas Gerais, revela o poder administrativo da então capital colonial.;160
596;1;D;A construção da Igreja está relacionada ao período de descobertas das jazidas de ouro no interior do Brasil.;160
597;5;A;A junção entre a prática médica de identificar a loucura e a ação do Estado de criminalizá-la e puni-la, instituindo-a como um problema social.;161
598;0;B;O quanto o espaço urbano naquela época era perigoso e degradado.;161
599;1;C;Como certos grupos que ocupavam o espaço público eram vistos como incômodos a serem retirados do convívio social.;161
600;4;D;A normatização da doença mental no Brasil do século XIX se confunde com a mentalidade da higiene urbana e social e com a marginalização de quem diverge dos padrões vigentes.;161
601;0;A;Apesar de sua argumentação, a imagem de Getúlio Vargas ficou irremediavelmente maculada aos olhos do povo por seu ato de suicídio.;162
602;4;B;"Quando diz “(...) Escolho este meio de estar sempre convosco..."" remete sua morte à ascensão do próprio Cristo a Deus Pai.";162
603;5;C;Há uma argumentação eficiente para a perpetuação de uma imagem de si mesmo passível de idolatria, que o potencializa como herói que deu a vida pelo seu povo.;162
604;1;D;Getúlio exalta seu nacionalismo e reforça a imagem do governante que mais lutou para o bem do trabalhador brasileiro, opondo-se aos interesses estrangeiros.;162
605;4;A;O lugar que o mural ocupa tem o objetivo de estabelecer um marco de exposição pública em um espaço estratégico, reforçando a importância da arte e do tema que ela representa.;163
606;1;B;Os temas centrais da pintura são representados ao fundo pela figuras dos portugueses, dos bandeirantes e dos índios. À frente, vê-se a imagem estereotipada do gaúcho, um núcleo familiar e o trabalho na agricultura.;163
607;5;C;A narrativa da obra é construída e organizada numa perspectiva harmoniosa cuja representação evidencia o convívio consensual entre os diferentes grupos que fizeram parte do processo de formação do Rio Grande do Sul.;163
608;0;D;Embora verossímil, a arte mural em espaços públicos é destituída de conotações políticas...;163
609;1;A;Em seu pedido o professor aludiu à convivência conflituosa entre brancos e negros para assim conseguir a dispensa do exame para professores.;164
610;0;B;A supressão dos termos “cor preta” e “pardos” no parecer do Conselho Diretor e a utilização da expressão “de cor” denotam o mascaramento de ideais racistas baseados no darwinismo social.;164
611;4;C;Um dos argumentos do suplicante é o de que “por este ser também preto” aquelas crianças estariam mais bem acolhidas em sua escola.;164
612;5;D;A existência de um exame que habilitava o professor e garantia o funcionamento da escola, indica que em meados do século XIX a educação passava a ser regulada pelo Estado.;164
613;4;A;O quilombo do Quariterê, assim como muitos outros, era organizado a partir de formas de governo tradicionais na África...;165
614;5;B;A existência de punições violentas contra os quilombolas que ameaçavam a segurança e o sigilo sobre a localização dos quilombos contesta a interpretação de que esses locais eram comunidades idílicas.;165
615;1;C;Por meio de relatos e memórias de indivíduos que exerciam cargos administrativos e militares e que perseguiam os quilombos é possível conhecer as formas de organização quilombolas.;165
616;0;D;A ausência de complexidade social na organização interna dos quilombos os tornavam experiências efêmeras e de curta duração.;165
617;4;A;O fato de “não existir”, segundo a depoente, revela a condição de esquecimento da trajetória das mulheres na condição de exiladas, já que a maioria dos relatos de que se dispõe diz respeito aos homens.;166
618;1;B;O trecho da entrevista se refere ao depoimento de uma mulher que relata a condição de exilada decorrente da perseguição às pessoas envolvidas com temas contrários ao regime militar.;166
619;0;C;A fala revela que a condição de exílio impedia a configuração de um núcleo familiar estável.;166
620;5;D;O fato de serem exilados não apenas os perseguidos politicamente, mas também suas esposas... possibilita pensar na existência não de um exílio, mas de vários exílios.;166
621;1;A;A cena central do operário morto - provavelmente em uma queda - é vista do alto, como se o espectador do quadro também fosse um operário no alto de um andaime.;167
622;0;B;O pintor denuncia a indiferença dos operários, que parecem não se importar com o destino trágico de seu colega.;167
623;5;C;O pintor também retrata um momento de dinamismo da construção civil brasileira iniciada na década de 1940 e caracterizada por grandes obras públicas em concreto armado.;167
624;4;D;As condições precárias de trabalho são enfatizadas pelas cordas frágeis, grandes alturas e ausência de equipamentos de segurança.;167
625;0;A;O documento é prova de que a dominação holandesa foi muito mais violenta do que a portuguesa.;168
626;4;B;O autor descreve o martírio e os milagres de Uruaçu, estabelecendo esses eventos como testemunho da fé católica e da fidelidade dos mortos à Coroa Portuguesa.;168
627;1;C;O texto de Lopo Curado Garro é um documento de época descrevendo o massacre de Uruaçu, no qual holandeses associados a índios mataram portugueses católicos.;168
628;5;D;Ao enfatizar a ideia de justiça divina e acusar os holandeses e seus associados – os brasilianos – o relato clamava também pela justiça dos homens.;168
629;5;A;O texto apresenta uma crítica ao sistema capitalista baseado no príncipio da contradição conforme encontramos no pensamento de autores como Karl Marx e Pierre-Joseph Proudhon.;169
630;0;B;As observações científicas que aparecem na narrativa são irrelevantes tanto para sua fluidez quanto para se compreender o problema da fome e da miséria no Brasil.;169
631;1;C;O texto expõe de maneira mordaz o modo degradante a que o ser humano pode chegar se não tiver dinheiro no mundo contemporâneo.;169
632;4;D;A argumentação irônica de Jorge Furtado questiona se o ser humano está de fato no topo da escala evolutiva dos animais.;169
633;4;A;Denuncia a presença de politicos corruptos nas eleições brasileiras...;171
634;1;B;Apresenta a imagem de um muro composta por um fragmento de cartaz...;171
635;0;C;Faz referência à sanção e execução da lei da Ficha Limpa...;171
636;5;D;Questiona o sistema eleitoral republicano por suas contradições...;171
637;0;A;O texto é uma descrição da invasão holandesa à Bahia...;172
638;4;B;O padre vê com um olhar negativo os holandeses...;172
639;5;C;A função no Estado português e seu pertencimento à ordem jesuítica...;172
640;1;D;A narrativa do padre Antônio Vieira descreve a violência da chegada...;172
641;5;A;O Poder Moderador garantia, na forma da lei, a possibilidade do despotismo.;173
642;1;B;O Poder Moderador dava ao Imperador o dominio sobre a Assembleia...;173
643;4;C;A instituição do Poder Moderador na Constituição de 1824...;173
644;0;D;Ao Poder Moderador era vetado intervir no Poder Judiciário.;173
645;5;A;Há uma concentração de fortificações na Vila de Nossa Senhora do Desterro...;174
646;4;B;O sistema defensivo da ilha de Santa Catarina tinha o objetivo de consolidar...;174
647;0;C;A presença de fortificações militares como estas dificultou o povoamento...;174
648;1;D;O mapa apresenta um levantamento dos fortes de defesa da Ilha...;174
649;0;A;A letra do samba-enredo é de contestação ao regime politico...;175
650;1;B;A letra do samba-enredo faz alusão ao processo politico que culminou na República...;175
651;5;C;O samba-enredo apropria-se de uma narrativa histórica tradicional...;175
652;4;D;A ideia de liberdade e a igualdade do povo... é recuperada pelo samba...;175
653;4;A;A atividade do tropeirismo ganhou impulso após a descoberta de ouro...;176
654;5;B;As tropas de muares obedeciam a uma organização específica...;176
655;0;C;As tropas de muares foram substituídas... pelo transporte ferroviário...;176
656;1;D;O tropeirismo era uma atividade econômica que proporcionava a ligação...;176
657;1;A;Expõem que a sobra é o único resultado pertencente ao agricultor...;177
658;4;B;Tratam da questão do sistema de meação...;177
659;0;C;Sugerem que o sistema de meação implica numa exploração inadequada...;177
660;5;D;Discutem o sentido do trabalho no sistema de meação... contrato desigual...;177
661;1;A;A expedição de Martim Afonso de Souza em 1530...;178
662;0;B;Até 1530 os portugueses utilizavam o litoral do Brasil apenas como ponto...;178
663;5;C;O pau-brasil era o principal produto comercializado na costa brasileira...;178
664;4;D;O ano de 1530 marca uma mudança quanto à colonização do Brasil...;178
665;5;A;Faz um jogo entre passado e presente por meio da fala do indígena...;179
666;0;B;O comentário conformista do indigena mostra a docilidade...;179
667;1;C;Faz referência ao contexto da conquista das terras americanas...;179
668;4;D;Apresenta um humor critico ao mostrar os indigenas como já cientes...;179
669;4;A;O luxo trazido pela Familia Real Portuguesa foi utilizado em benefício da politica...;181
670;5;B;O vestuário, ao longo da história, pode funcionar como um espaço de demarcação...;181
671;1;C;Com a abertura dos portos em 1810 e a Queda de Napoleão em 1815...;181
672;0;D;Com a chegada da Familia Real ao Brasil o luxo da monarquia europeia...;181
673;5;A;Acre e Sibéria são entendidos como vazios, isolados e distantes...;182
674;4;B;A anexação da região do Acre ao Brasil foi fruto da assinatura de um acordo...;182
675;0;C;A comparação entre a Sibéria e o Acre faz referência à difícil conquista...;182
676;1;D;A associação construida pela charge entre o Acre e a Sibéria...;182
677;0;A;A descrição do encontro dos portugueses com os nativos da terra é marcado...;183
678;4;B;Ao mesmo tempo em que cada nova terra encontrada aumentava o território...;183
679;5;C;O banimento ou degredo... pode ser entendido como um instrumento da Coroa...;183
680;1;D;O documento situa e descreve o descobrimento do Brasil no conjunto da viagem...;183
681;1;A;A crescente animosidade contra os alemães que viviam no Brasil...;184
682;5;B;A Primeira Grande Guerra atingiu o Brasil de diferentes maneiras...;184
683;0;C;O mau estado das tropas e das munições e as condições precárias da frota naval...;184
684;4;D;A entrada do Brasil na Primeira Guerra Mundial levou à adoção de medidas...;184
685;4;A;A presença do elemento católico do lado luso-brasileiro...;185
686;0;B;Como fica evidente na pintura, não existia a presença de negros e indigenas...;185
687;5;C;A religiosidade presente na pintura marca... as diferenças de credo...;185
688;1;D;Trata do confronto entre tropas holandesas e tropas locais luso-brasileiras...;185
689;5;A;A indústria manufatureira desenvolvida na América Portuguesa foi afetada...;186
690;1;B;Havia poucas manufaturas, a maioria de caráter doméstico...;186
691;4;C;Salvador como centro do Governo Geral da colônia portuguesa...;186
692;0;D;A indústria manufatureira começou a se desenvolver de modo continuo...;186
693;0;A;"É possível notar que a fiscalização e a cobrança do ""quinto"" sobre diamantes...";187
694;5;B;O alto valor das pedras e os lucros gerados pelo comércio de diamantes...;187
695;4;C;Descobertas após o primeiro impulso da exploração aurífera...;187
696;1;D;A imagem representa um método organizado de extração de diamantes...;187
697;4;A;O cangaceiro Jesuino Brilhante é descrito como uma figura ambigua...;188
698;1;B;A biografia de Jesuino Brilhante é apresentada pela imagem e texto rimado...;188
699;0;C;A literatura de cordel... não se aplica ao estudo da diversidade de temas...;188
700;5;D;"Em ""Jesuino Brilhante é perceptivel a oposição entre a justiça formal...";188
701;0;A;Celebra o insucesso da revisão da Lei de Anistia de 2010...;189
702;4;B;Defende que a memória é seletiva para ocultar relações e beneficios...;189
703;5;C;Associa a memória que busca elidir a participação civil na ditadura...;189
704;1;D;Argumenta que a instauração da ditadura militar no Brasil teve apoio civil...;189
705;5;A;A propaganda sugeria que com o uso do produto acessível e moderno a mulher poderia ter maior controle sobre o próprio corpo.;191
706;0;B;A propaganda indica que as mulheres brasileiras na década de 1950 ainda resistiam a adotar hábitos de higiene.;191
707;1;C;"A propaganda contrapõe dois tipos de mulheres: uma se diverte e anda de lambreta com um rapaz; a outra parece olhá-la com inveja.";191
708;4;D;As propagandas do período são indícios da diversificação e alteração de hábitos de consumo na década de 1950.;191
709;0;A;A proibição das manufaturas e fábricas no Brasil é apontada como a solução para a concorrência que os produtos brasileiros faziam...;192
710;4;B;A baixa densidade demográfica na colônia e a necessidade de braços para a lavoura e para a mineração são argumentos utilizados...;192
711;1;C;Trata-se de um documento legal pelo qual a Rainha de Portugal, D. Maria I, manda extinguir fábricas, oficinas e manufaturas no Brasil...;192
712;5;D;A produção manufatureira e fabril no Brasil é apresentada como uma ameaça ao equilibrio e bom funcionamento das relações comerciais...;192
713;1;A;Claude D'Abbeville descreve em detalhes o território visitado, dando especial destaque à composição fluvial da região...;193
714;4;B;O mangue, vegetação característica da região, é descrito pelo padre como trincheira que funcionava tanto como proteção...;193
715;5;C;A descrição tinha por objetivo mapear a região ainda desconhecida por franceses e portugueses, e garantir um melhor domínio...;193
716;0;D;O relato demonstra que não havia intenção do governo português em deter o avanço dos franceses naquela região inóspita...;193
717;5;A;"O cartaz de ""procura-se"" nos permite inferir que o escravo Fortunato sabia manipular referências culturais da época...";194
718;4;B;Os anúncios de fugas de escravos descreviam os aspectos fisicos, trejeitos e as habilidades dos procurados...;194
719;0;C;O cartaz evidencia o descumprimento dos direitos humanos, uma vez que limita sua liberdade e sua possibilidade de oposição...;194
720;1;D;O anúncio informa sobre a fuga do escravo Fortunato e define a recompensa a ser paga caso ele fosse reconduzido...;194
721;0;A;A ausência do Tribunal do Santo Oficio no Brasil permitiu que acusações que geravam punições severas na Europa ficassem impunes...;195
722;4;B;A magia é apresentada no texto como um meio de negros e índios exercerem certa resistência cotidiana...;195
723;5;C;Os autos da Devassa mostram que o imaginário sobre a prática da magia era compartilhado na sociedade colonial...;195
724;1;D;Joaquim Moreira não conseguiu, apenas olhando o conteúdo do embrulho, diferenciar entre feitiço e remédio...;195
725;1;A;As reservas fazem parte do acervo de um museu, ainda que não sejam expostas ao público e tenham seu acesso restrito.;196
726;5;B;O museu é um lugar de disputas, no qual a curadoria cria seu próprio discurso cultural ao selecionar as obras de arte...;196
727;0;C;O museu é apresentado pelo artigo como um lugar de prazer, em que a arte e os documentos perdem seu valor...;196
728;4;D;O texto defende uma ideia inovadora de museu que, diferente de um espaço disciplinador, deveria interagir com o seu público...;196
729;4;A;A disposição da cena - postura das crianças e da professora, o uniforme escolar, as imagens ao fundo - permite inferir disciplina e patriotismo...;197
730;1;B;A fotografia apresenta uma classe escolar disposta organizadamente ao ar livre, composta por meninos e meninas em torno da professora...;197
731;0;C;As escolas particulares eram mais patrióticas do que as escolas públicas, pois primavam pelo uso obrigatório do uniforme...;197
732;5;D;A exaltação às leis de amparo ao trabalhador, presente no texto do cartaz, faz alusão à Reforma Capanema...;197
733;1;A;"A crônica evidencia o pouco conhecimento náutico que os marinheiros possuíam em ""governar"" as naus (alhos e cebolas).";198
734;5;B;A descrição dos efetivos realizadores das Grandes Navegações nesse texto contrasta com outros relatos de heróis...;198
735;4;C;O texto relata a celebração da partida de uma frota de caravelas portuguesas rumo à Índia no contexto das Grandes Navegações...;198
736;0;D;O conhecimento náutico e suas técnicas descritos no texto seguiam uma ampla tradição partilhada na Escola de Sagres.;198
737;0;A;O desaparecimento do jongo e a inexistência de jongueiros nos dias atuais implicou uma grande perda para a pesquisa histórica...;199
738;1;B;Os pontos de jongo apresentados fazem referência ao fim da escravidão, à atuação da princesa Isabel e à nova condição de homens livres.;199
739;4;C;Embora os jongos sejam frequentemente improvisados, o acervo de expressões baseiam-se em uma tradição coletiva.;199
740;5;D;O uso de metáforas, palavras e expressões de origem africana dificultava a compreensão dos pontos pelos não-escravos...;199
741;4;A;Os menores abandonados vivendo nas condições insalubres descritas no texto demonstram a existência de uma sociedade desigual.;200
742;1;B;O texto descreve o processo de abandono do trapiche e do casarão e de ocupação destes espaços pelos Capitães de Areia.;200
743;0;C;A pobreza e a agressividade das crianças que dormiam no casarão e habitavam o trapiche eram fruto de suas escolhas...;200
744;5;D;A afirmação de que os Capitães da Areia eram os donos da cidade e perseguidos pela polícia permite perceber a contradição...;200
745;0;A;A lei 1831 só passou a ser efetivamente exercida quandos os proprietarios dos navios negreiros começaram a ser indenizados pelo governo britânico, por suas perdas financeiras.;201
746;5;B;"O rótulo ""Lei para inglês ver"" atribuido a lei de 1831 acabou por construir uma leitura simplista da efetiva imrpotancia dessa lei para o processo de emancipação dos escravos no Brasil.";201
747;1;C;O proibição do trafico atlantico de escravos inscrita nas leis de 1831 e de 1850 é fruto de uma serie de acordos iniciados, desde a segunda decada do seculo XIX, entre Brasil e Grâ-Bretanha.;201
748;4;D;"O rótulo ""Lei para inglês ver"" atribuido a lei de 1831 se deve a pouca atuação efetiva do governo brasileiro - mais preocupado com a consolidação politica do Império - em reprimir o tráfico de escravos.";201
749;1;A;"Os ""africanos livres"" ao contrario do que determinava a lei de 1831 não retornavam à Africa, sendo distribuidos no Rio de Janeiro e nas provincias do Imperio para a prestação do tempo de serviço determinado.";202
750;4;B;"A lei de 1831 garantiu a um grande numero de individuos o direito de ser ""africano livre"", direito que seria acionado constantemente nos tribunais na segunda metade do seculo XIX, por defensores dos escravos como Luiz Gama.";202
751;5;C;"Ser ""africano livre"" colocava os individuos encontrados em navios negreiros apresados em uma nova categoria juriica: não eram escravos nem libertos uma vez que estavam sujeitos à tutela e ao trabalho compulsório.";202
752;0;D;"Após 1831, os africanos trazidos ilegalmente para o Brasil ficaram conhecidos como meia-caras, formando um grupo diferente dos chamados ""affricanos livres"".";202
753;5;A;O historiador busca a complexidade do que vê e compreende o processo historico como um processo contraditorio de interação e de tensões entre os seres humanos concretos que vivem em sociedade.;203
754;0;B;"O historiador, em seu objetivo de ""complicar"" - muito mais do que a de explicar -, falseia o passado para libertar-se da mesmice.";203
755;1;C;A pobreza associada à cor da pele e à distribuição social no espaço do Rio de Janeiro são indicios de desigualdade social que o historiador estranha e busca explicar.;203
756;4;D;Ao observar e estranhar seu presente, o historiador busca no passado as explicações para o modo como coisas e pessoas tornaram-se o que são.;203
757;5;A;Embora o corpo de soldados se chamasse Voluntários da Pátria, assim como ocorreu no periodo colonial, os individuos eram recrutados contra a sua vontade.;204
758;1;B;O método de recrutamento representado nas imagens sugere que existia uma alternativa para fugir da guerra, que variava segundo a posição socioeconomica dos individuos, caracterizada tambem pelas vestimentas.;204
759;0;C;"O método de recrutamento baseava-se na voluntariedade da população masculina estimada em 4,9 milhões em 1865, sobretudo, dos africanos entrados ilegalmente no país, libertos e considerados ""escravos da Nação"".";204
760;4;D;"O numero de brasileiros mobilizados para a Guerra foi calculado entre 135 e 200 mil, contando com africanos entrados ilegalmente no país; o Exército foi se consolidadndo no decorrer do conflito.";204
761;1;A;A abertura da mostra chamou atenção pela grandiosidade do evento, que ofereceu destaque a artefatos pouco conhecidos pelos brasileiros, como o Manto Tupinambá.;206
762;0;B;O Manto Tupinambá é importante por manter a sua utilização original como objeto de ritual indígena.;206
763;4;C;A presença do Manto Tupinambá gerou polêmicas sobre sua posse por parte de povoados indígenas na Bahia, que reivindicaram o direito natural sobre a peça.;206
764;5;D;Na trajetória do Manto Tupinambá nota-se diferentes significados culturais: símbolo de culto religioso, um presente diplomático e objeto de inestimável valor artístico.;206
765;5;A;"A propaganda omite a ação imperialista alemã e italiana nos países dos continentes africano e europeu; ao mesmo tempo, critica a exploração estadunidense em relação à economia brasileira.";207
766;1;B;"O texto da propaganda sugere que, enquanto os brasileiros participam da guerra na Europa, os Estados Unidos exploram a economia brasileira; é perceptível na imagem o presidente Roosevelt retratado como uma águia com as garras sobre os recursos naturais brasileiros.";207
767;0;C;A propaganda motiva a revolta do soldado brasileiro em relação à terra natal, com o objetivo de afastá-lo da linha de batalha contra o exército nazifascista.;207
768;4;D;A propaganda condiciona o insucesso da economia brasileira à exploração dos Estados Unidos, que são tratados como os verdadeiros inimigos do Brasil, com o fim de desmotivar os soldados para não agirem contra os nazifascistas.;207
769;1;A;"O processo inquisitorial realizado pela visita do Santo Ofício à Bahia mostra o aumento da perseguição aos ""cristãos novos"" promovido pela União Ibérica.";208
770;5;B;"A prática da delação era um fato comum nos processos inquisitoriais, baseada na observação de atitudes cotidianas como ""trocar a água da casa”, “não consumir gordura animal”, “caiar a casa” e “cozinhar com azeite"".";208
771;4;C;"A inquirida, Maria Lopes, é acusada de realizar práticas da ""lei de Moisés"", o que designava a ""heresia"" de cripto-judaísmo.";208
772;0;D;"É possível inferir que os processos inquisitoriais apresentavam eminentemente um caráter de perseguição política aos ""cristãos novos"", o que demonstra a perda das intenções morais e religiosas originais do movimento contra-reformista católico.";208
773;0;A;As músicas produzidas pelo movimento manguebeat omitiam a realidade do Recife, da cidade, da pobreza e da violência em favor de uma cultura global e sofisticada.;209
774;4;B;A “antena parabólica” que capta, absorve e trabalha as produções pop estrangeiras remete à prática “antropofágica” concebida por Oswald de Andrade em seu Manifesto Antropofágico de 1928.;209
775;5;C;O movimento Mangue Beat expresso também nas músicas de Chico Science e Nação Zumbi e de Mundo Livre S/A alia elementos da cultura popular local, da cultura de massas e da cultura pop, criando um híbrido cultural.;209
776;1;D;O Manifesto alia a questão da natureza local, do desenvolvimento da cidade e da situação vivida pelos seus habitantes para defender uma nova estética musical dos jovens do Recife.;209
777;5;A;"O cartaz propaga a ideia de que o alcance da pauta de reivindicações só será possível por meio de um protesto organizado, liderado pela central sindical, utilizando-se da ""greve geral"" como instrumento de proteção ao trabalhador.";210
778;0;B;"É possível perceber, na pauta de reivindicações do cartaz, propostas que já haviam sido adotadas pelo governo Sarney, tais como a “reforma agrária"" e ""política de reajustes salariais"".";210
779;4;C;"A mensagem da propaganda ""brinca"" com o símbolo de um produto consumido no verão (protetor solar) para veicular sua crítica e oposição a um plano econômico conhecido por ""Plano Verão"".";210
780;1;D;O cartaz evidencia a mobilização de uma central sindical de trabalhadores contra os planos de ajustes econômicos e fiscais elaborados durante o governo do então presidente José Sarney.;210
781;1;A;Caracterizou-se pela recuperação de antigos símbolos, além de firmar em assembleia o compromisso institucional partidário do PRP com o presidente JK.;211
782;5;B;Esforçou-se para reafirmar a memória e identidade do grupo, no sentido de revigorá-las no novo contexto democrático, vinculando o passado ao presente.;211
783;4;C;Procurou reestabelecer um vínculo com o seu período de fundação, convocando antigos militantes, que ficaram descontentes com as alianças político partidárias do PRP.;211
784;0;D;A volta de símbolos integralistas do passado, tal como o sigma, revelava a intenção do partido em democratizar seus princípios e adaptá-los a um Brasil moderno.;211
785;0;A;O término da revolta contra a vacina ocorreu quando o presidente Rodrigues Alves destituiu Oswald Cruz da responsabilidade pelo saneamento na capital federal, responsabilizando-o pelas mortes ocorridas em 1904.;212
786;4;B;A diversidade de grupos sociais aglutinados em torno da não obrigatoriedade da vacina nos permite inferir que uma parcela da population estava insatisfeita com os rumos da política republicana.;212
787;1;C;O texto jornalístico apresenta um momento de intensificação da revolta contra a vacina obrigatória por meio do enfrentamento marcado pela violência entre os populares e a força policial.;212
788;5;D;As obras citadas no texto aludem ao discurso modernizador de Rodrigues Alves que, além de estabelecer políticas de saneamento para a capital, implementava reformas urbanas de caráter excludente.;212
789;0;A;Sepé Tiaraju confrontava a exploração feita pela ordem jesuíta que impunha aos indígenas uma cultura europeia como, por exemplo, a aprendizagem de instrumentos musicais clássicos.;213
790;1;B;O protagonismo do índio Sepé Tiaraju no mural endossa a construção de seu mito na história rio-grandense.;213
791;5;C;Trata-se de um exemplo de arte pública: o painel em azulejos localizado no espaço público interfere na fisionomia urbana, construindo uma narrativa da história regional ao alcance daqueles que ali transitam.;213
792;4;D;O índio Sepé Tiaraju parece receber a ajuda do Arcanjo Miguel numa alusão à força militar dos céus e à justeza de sua guerra.;213
793;1;A;A imagem representa o cenário da guerra Guaranítica que ocorreu no século XVIII e os elementos constitutivos dela: os índios, a religiosidade, as missões jesuíticas e os jesuítas.;214
794;4;B;O episódio retrata um momento das Guerras Guaraníticas que marcou o processo de redefinição dos limites coloniais entre Portugal e Espanha: a revolta dos índios guaranis e dos padres jesuítas após a assinatura do Tratado de Madri.;214
795;0;C;O Tratado de Santo Ildefonso pôs fim à revolta indígena, pois estabeleceu que a Colônia de Sacramento pertenceria aos espanhóis enquanto que os Sete Povos das Missões, à Portugal. Consequentemente os jesuítas poderiam retomar as atividades de catequização nas missões, como mostra a imagem.;214
796;5;D;Os padres jesuítas e os índios guaranis insurgiram-se contra a imposição lusitana, pois não estavam dispostos a perder as terras que garantiam importantes atividades econômicas nem a ficar à sorte dos bandeirantes.;214
797;1;A;A figura mais importante do quadro é feminina, que se diferencia de todas as demais e para a qual se volta a atenção dos outros personagens centrais na cena.;215
798;0;B;Na década de 1920 a historiografia nacional havia provado que a Independência do país foi uma negociação de gabinete e não um ato heróico do Príncipe Regente.;215
799;4;C;Esta pintura histórica, dentro da comemoração do centenário da Independência, traz uma representação muito diferente da do pintor Pedro Américo com seu Independência ou Morte de 1888.;215
800;5;D;Esta representação diplomática do acontecimento contrapõe-se à representação célebre da independência como um fato heroico e militar conduzido pelo futuro Imperador do Brasil.;215
801;5;A;A presença de Brunelli na primeira expedição organizada após o estabelecimento do Tratado de Madrid tem como propósito oferecer critérios de cientificidade para o estudo de uma região economicamente importante à Coroa Portuguesa.;216
802;4;B;A explicação técnica oferecida por Brunelli para descrever o fenômeno da pororoca não se atesta tanto quanto algumas justificativas da população local, as quais ele criticava duramente.;216
803;1;C;Brunelli retrata o fenômeno da pororoca aos europeus, buscando descrever a região em que ela ocorre, as condições cosmológicas que a favorecem e os motivos físicos que a provocam.;216
804;0;D;Por ser um fenômeno que só ocorre no Brasil, era alvo da preocupação da Coroa Portuguesa que buscava conhecer suas características para que seus navegadores não tivessem o mesmo destino do espanhol Vicente Pizon em 1500.;216
805;4;A;O uso das aspas é uma tentativa, nos textos publicados, de criticar o real alcance da independência do Brasil que prosseguia dependente economicamente de outras nações.;217
806;5;B;Sergio Buarque de Holanda argumenta que determinada historiografia buscava minorar a clareza que os contemporâneos a 1822 tinham quanto à importância da independência do Brasil.;217
807;0;C;Sergio Buarque de Holanda inverte o argumento de senso comum afirmando que também Portugal era econômica e politicamente dependente do Brasil.;217
808;1;D;O cerne do argumento de Sergio Buarque de Holanda é que o processo de independência brasileiro é principalmente um processo de ruptura política com Portugal.;217
809;5;A;Sublinhar o aspect da vitimização dos indígenas e da cobiça dos europeus acaba por associar o conhecimento histórico a uma análise simplista dos atos dos homens do passado.;218
810;1;B;O texto indica que os livros didáticos repetem os mitos de identidade nacional e de comunhão com a natureza criados ainda no século XIX.;218
811;0;C;A vitimização indígena é um argumento coerente, pois o trabalho compulsório e as relações de dominação eram desconhecidas pelos nativos da América antes da chegada dos europeus.;218
812;4;D;"As narrativas que ""concentram toda a ação nas mãos europeias"" negam às populações indígenas o caráter de sujeitos históricos e reforçam sua imagem de submissão e apatia.";218
813;1;A;A fotografia é composta por um menino apoiado em uma porta aberta, que observa outro manipulando um conjunto de ossos, que se encontam no interior de uma casa simples, notando-se a terra árida e um caprino na porta.;219
814;0;B;A fotografia, produzida por uma máquina, é um retrato fidedigno da realidade, diferente da pintura que tem a interferência direta do artista.;219
815;4;C;A cena principal refere-se às brincadeiras infantis, nas quais variados objetos tomam forma e vida no imaginário lúdico dos meninos, como no caso em que ossos de animais transformam-se em cavalos, cabras, mulas etc.;219
816;5;D;A representação construída pelo fotógrafo contrapõe a brincadeira da criança e seu universo lúdico de distração à aridez do terreno e pobreza do ambiente.;219
817;1;A;Ambos os textos, publicados em blogs, atestam as novas formas de comunicação e de divulgação veloz de ideias e opiniões, próprios da era da internet.;221
818;5;B;O texto 1 questiona a ideia de que haveria rebeldia ou originalidade neste tipo de humor, vendo-o como preconceito historicamente arraigado.;221
819;5;C;O texto 2 discorda da ideia de que o “politicamente correto” cerceia a liberdade de expressão dos humoristas.;221
820;1;D;Ambos os textos lidam com o tema do preconceito racial e/ou de gênero, questionando os limites do humor.;221
821;4;A;Carlos Gomes foi um dos nomes mais importantes da história da música brasileira, sendo ligado à estética romântica indianista do Brasil.;222
822;0;B;Giuseppe Verdi, importante músico italiano romântico nacionalista, foi referência para Carlos Gomes, cuja obra retratou o processo de Unificação Italiana.;222
823;1;C;A caricatura de Carlos Gomes publicada no jornal italiano de Milão, Gazzetta Musicale, retrata o artista brasileiro como um ‘selvagem’, tal qual entendiam a temática de sua ópera O Guarani.;222
824;0;D;Carlos Gomes era conhecido por discursar a favor da monarquia antes de suas apresentações em espaços públicos, em gratidão a D. Pedro II que financiou seus estudos na Itália.;222
825;4;A;O texto sobre a exposição reconstrói um passado de euforia e entusiasmo que não leva em consideração grande parte dos conflitos decorrentes do pós-guerra tanto no Brasil como no mundo.;223
826;1;B;Fotos, textos, filmes e arquitetura são alguns dos itens utilizados pela exposição para apresentar uma cidade que se modernizava rapidamente na década de 1950, desejando equiparar-se a outras capitais como São Paulo e Rio de Janeiro.;223
827;0;C;Apesar do esforço de transformação da cidade de Curitiba em uma grande metrópole, a cidade não foi escolhida como uma das sedes dos jogos da Copa do Mundo de Futebol de 1950, que privilegiou as capitais Rio de Janeiro, São Paulo, Belo Horizonte, Porto Alegre e Recife.;223
828;5;D;"O texto traz uma leitura do passado a partir dos dias atuais, narrando a história da cidade de Curitiba com um discurso celebratório da modernidade e do ""crescimento a olhos vistos"".";223
829;0;A;A criação do fundo de emancipação contemplava os senhores que optassem por entregar ao cuidado do Estados os filhos de escravas nascidos após 1871.;224
830;5;B;A liberdade de ventre pode ser tomada como uma forma de emancipação gradual, na medida em que eliminava a reprodução da escravidão pelo nascimento.;224
831;1;C;A lei 2.040 de 28 de setembro de 1871 é chamada de Lei do ventre livre por ser essa a sua resolução mais reconhecida e explorada.;224
832;4;D;A prestação de serviços ou o pagamento de 600$000 pelo Estado garantia aos senhores uma indenização pela liberdade de ventre de suas escravas.;224
833;4;A;Ainda hoje, essa canção aparece com sua autoria atribuída também a Torquato Neto, já que o nome deste poeta apareceu como parceiro na primeira edição do LP Caetano Veloso, de 1967.;225
834;1;B;Na canção, Che Guevara é apresentado como “el hombre muerto” de quem não se podia dizer o nome. Essa foi a forma de os compositores burlarem a censura na ditadura militar.;225
835;5;C;No verso “Espero a manhã que cante” Capinan utiliza uma imagem comum às canções de protesto dos anos 1960: a ideia de um futuro revolucionário.;225
836;0;D;Entre os problemas comuns citados pelo compositor estava a grande quantidade de ditaduras de esquerda nos países da América do Sul nas décadas de 1960 e 1970.;225
837;5;A;Observa-se a criação de um padrão de beleza feminino atrelado, por meio do consumo de cosméticos, à manutenção da juventude.;226
838;0;B;A maquiagem era considerada uma prática artificial e imoral para a época, e por isso é criticada no presente anúncio.;226
839;1;C;O texto publicitário, além de trazer uma mensagem que relaciona o uso do produto à conservação da beleza feminina, oferece outras informações, tais como: modo de usar e certificação medicinal.;226
840;4;D;Anúncios deste período eram frequentemente confeccionados com imagens e textos longos e argumentativos, que tinham como público alvo uma classe média urbana com crescente poder aquisitivo.;226
841;1;A;Evita corroborar o argumento de que se recorria a curandeiros no Brasil colonial devido à escassez de médicos, propondo um “ponto de partida” que inclua as traditions culturais locais.;227
842;5;B;Adota um procedimento historiográfico que põe em evidência sujeitos históricos que de outro modo seriam relegados a um papel menor.;227
843;0;C;Indica que tanto as artes de curar praticadas por indígenas ou negros quanto a medicina oficial lusitana estavam atrasadas em relação aos conhecimentos médicos do restante da Europa.;227
844;4;D;Recusa as primeiras evidências que encontra nas fontes históricas - as correspondências entre metrópole e colônia -buscando outras explicações para o seu tema de pesquisa.;227
845;0;A;O autor do texto demonstra como, apesar da apropriação coletiva do futebol após alguns anos de sua introdução no Brasil, o pioneirismo de Charles Miller atesta o poder da ação individual na popularização do jogo.;228
846;4;B;Embora jornalistas não ignorassem a existência do futebol praticado pelas classes populares, poucos distanciaram-se da ideia de que foi a elite que introduziu este esporte no país.;228
847;1;C;A forma como os antigos clubes sistematizaram seus arquivos teve grande influência sobre a história do futebol no Brasil.;228
848;5;D;"O autor questiona a construção do ""mito fundador"" e da necessidade, no caso brasileiro, de atrelá-lo a uma origem branca, europeia e civilizada – representada na figura de Charles Miller.";228
849;5;A;Médicos, pintores, cientistas e astrônomos, dentre outros, acompanharam Maurício de Nassau e indicaram em suas obras aspectos de interesse econômico e cultural da Nova Holanda.;229
850;1;B;Vemos a natureza brasileira representada numa profusão de detalhes que incluem a flora, a fauna e, de pé, os nativos da terra, ao lado de alegorias e do título do livro.;229
851;0;C;O arranjo das árvores, dispostas em fileiras, comprova que o médico Piso não conhecia uma floresta tropical.;229
852;4;D;O casal de nativos é representado aos moldes de um Adão e Eva às portas de um paraíso tropical, do qual nem mesmo a serpente está ausente.;229
853;1;A;No romance Vidas Secas, Graciliano Ramos retrata a miséria do sertão focado numa família de retirantes que vive em constante deslocamento e opressão.;230
854;5;B;O pensamento de Sinhá Vitória em querer uma cama ‘de verdade’ traz a simbologia do desejo de fincar raízes, estabelecer um lugar de morada, contrário à vida de retirantes que perambulam pelo sertão.;230
855;4;C;A obra Vidas Secas de Graciliano Ramos reflete o engajamento do autor e sua denúncia social.;230
856;0;D;As décadas de 1930 e 1940 no Brasil foram marcadas por grandes secas no nordeste, retratadas na literatura regionalista, e levaram o presidente Vargas a criar a SUDENE em 1948.;230
857;1;A;O relato de Marcelo Paiva mostra o desespero...;232
858;0;B;O documento encontrado na casa do coronel é uma lista...;232
859;4;C;A listagem dos pertences de Rubens Paiva é uma prova...;232
860;5;D;O relato do escritor, as afirmativas da polícia à época e a lista dos pertences de Rubens Paiva são indícios diferentes e por vezes contraditórios do mesmo acontecimento.;232
861;4;A;Há desigualdade de forças entre o poder público...;233
862;1;B;A imagem e os versos trazem como personagens principais dos acontecimentos o cortiço Cabeça de Porco e o prefeito Barata Ribeiro.;233
863;5;C;A imagem e os versos omitem a violência envolvida no ato de despejar...;233
864;0;D;O planejamento público conseguiu reverter o problema das moradias irregulares...;233
865;4;A;O ensino e a divulgação dos conhecimentos científicos no Brasil estiveram restritos...;234
866;5;B;Os conhecimentos científicos têm valor estratégico, e a restrição a seu acesso torna-se uma forma de poder.;234
867;0;C;Durante o período colonial, os brasileiros ignoravam a ciência e limitavam-se a receber conteúdos religiosos.;234
868;1;D;O crescimento da imprensa, com o surgimento de periódicos, ampliou os canais de divulgação...;234
869;5;A;Era um método inovador por propor um momento de transição entre a família e o ensino formal, além de trazer a ideia de um aprendizado pleno.;235
870;4;B;Embora tenha alcançado sucesso e sido implantada em outros colégios, esta proposta não ocorreu em larga escala...;235
871;1;C;Era um projeto voltado ao ensino das crianças de 3 a 6 anos e que tinha como bases teóricas...;235
872;0;D;Retirava a rigidez e a disciplina correntes na prática de ensino do século XIX...;235
873;0;A;A função de professora “jardineira” era uma conquista de autonomia...;236
874;1;B;Eram atribuídas às mulheres qualidades profissionais que envolviam características como a meiguice...;236
875;5;C;As mulheres puderam adentrar o espaço público na condição de professoras, na medida em que esta condição preservava uma imagem maternal.;236
876;4;D;Como professoras, as mulheres ganhavam a possibilidade de deixar o espaço privado...;236
877;1;A;Na tela, que representa a saída das monções, podemos observar as embarcações...;237
878;5;B;Essa pintura, assim como outras de mesma temática encontradas, por exemplo, no Museu Paulista, compõem uma memória nacional baseada na construção de um passado heroico paulista.;237
879;0;C;As expedições fluviais ocorridas no século XVIII foram menos relevantes que as bandeiras...;237
880;4;D;Nessas viagens que saíam de Porto Feliz e chegavam à Cuiabá, o papel dos indígenas foi fundamental...;237
881;0;A;Era uma milícia dentre tantas formadas no Brasil...;238
882;4;B;Era uma milícia criada para atuar ao lado daqueles que lutavam contra a ocupação holandesa...;238
883;1;C;Caracterizava-se por ser uma milícia composta principalmente por homens negros forros e escravos...;238
884;5;D;Teve como fundador um indivíduo que, por sua influência e capacidade de liderança, recebeu mercês e graças que não eram destinadas aos negros, sendo restritas até mesmo entre os brancos.;238
885;5;A;A crônica rompe com a divisão tradicional existente na história do Brasil ao criar uma ideia de continuidade política entre o Brasil Imperial e a República, sob o título de “Era Bragança”.;239
886;1;B;O autor escreve a crônica no contexto de incertezas e possibilidades que a eleição presidencial de 2002 trazia...;239
887;0;C;Ao se afirmar a possível vitória de um “Silva” sobre um líder “Bragança”, o autor demonstra a crise política...;239
888;4;D;No texto, a noção de “era”, tal como “Era Vargas” e “Era Bragança”, é uma forma de tentar designar um período histórico...;239
889;5;A;Demonstra que logo no primeiro século de colonização da América Portuguesa já havia constantes incursões para o interior do território, o que contradiz a leitura tradicional que se faz do processo colonizador lusitano.;240
890;0;B;Tem por objetivo mapear a região do Rio São Francisco, descrevendo seus aspectos geográficos...;240
891;4;C;Ressalta a necessidade não apenas de investimento para uma expedição de reconhecimento...;240
892;1;D;Mescla informações geográficas do rio e das regiões que o cercam e as possibilidades de exploração de riquezas...;240
893;4;A;Ao comparar imigrantes a escravos, o relato de Davatz pode ser visto como uma contrapropaganda...;241
894;0;B;O texto aponta que, mesmo passando por condições desfavoráveis... era vantajoso para os imigrantes o trabalho nas lavouras paulistas.;241
895;5;C;As memórias apresentadas no texto pelo narrador descrevem, entre outros aspectos, a busca pelo lucro por parte dos empresários e o favorecimento destes pela esfera pública no Brasil.;241
896;4;D;A narrativa do imigrante suíço levanta aspectos relevantes da história imperial brasileira como a criação do sistema de contratos de parceria...;241
897;4;A;Na pintura, observamos características do movimento modernista brasileiro...;243
898;1;B;A pintura associa samba, sensualidade da mulher e natureza.;243
899;5;C;A tela Samba, apesar de sua importância, era propriedade particular...;243
900;0;D;O fato de a tela ter sido destruída no incêndio não é grave, uma vez que a partir dos registros existentes ela pode ser refeita.;243
901;5;A;Há complexas relações entre memória e história, o que indica que os significados dados ao conflito encontram-se ligados a questões políticas de cada época.;244
902;4;B;As representações do conflito Mucker e de sua líder, Jacobina Mentz, foram sendo ressignificadas...;244
903;0;C;Se comparada aos conflitos de Canudos e do Contestado, a Revolta dos Mucker recebeu muito mais atenção...;244
904;1;D;Parte da historiografia, matérias veiculadas na imprensa nos anos 50 e 60... reforçaram o imaginário negativo...;244
905;1;A;No Renascimento ampliou-se o conhecimento cartográfico, a partir da apropriação de textos antigos...;245
906;0;B;As transformações e as especificidades relativas ao ofício de cartógrafo... sugerem o progresso contínuo do pensamento científico, que superou antigas premissas...;245
907;4;C;O desbravamento dos mares entre os séculos XV e XVI foi possível, em parte, pela preservação e estudo do conhecimento marítimo e cósmico...;245
908;5;D;A viagem de Colombo ao Novo Mundo pode ser lida como um grande exemplo da influência dos mapas antigos...;245
909;4;A;Embora se trate de um estudo de história econômica, é possível perceber que o autor traz uma crítica social à instituição da escravidão no período colonial.;246
910;5;B;O argumento central levanta a hipótese de que os engenhos de açúcar se assemelhavam às fábricas do capitalismo...;246
911;0;C;A comparação do engenho à fábrica não se sustenta, pois a produção fabril localiza-se historicamente no meio urbano.;246
912;1;D;O texto demonstra que a montagem dos engenhos de açúcar no início do período colonial não era uma tarefa simples...;246
913;0;A;A pouca adesão de escravos da região de Queimado à insurreição, bem como a traição (abandono) do líder Frei Gregório...;247
914;5;B;O jornal reforça algumas características do Código Criminal de 1830...;247
915;1;C;O jornal caracteriza os negros revoltosos na categoria de criminosos, além de exaltar as iniciativas do governo, responsáveis por reprimir a insurreição e reestabelecer a “tranquilidade” em São José do Queimado.;247
916;4;D;O pároco da igreja mencionada pelo documento, Frei Gregório - conhecido por sua aversão ao sistema escravocrata...;247
917;1;A;O primeiro croqui mostra a Avenida Juscelino Kubitschek e suas imediações, incorporando sugestões de aproveitamento das características naturais do cerrado.;248
918;4;B;Assim como ocorreu com Brasília ou Goiânia, a capital do novo Estado de Tocantins foi projetada a partir de um concurso nacional.;248
919;5;C;A Praça dos Girassóis, localizada no ponto central da cidade, traz diversos elementos que tentam integrar a jovem capital à história nacional...;248
920;0;D;O planejamento da capital trouxe um gradual fim ao caráter agrário do estado de Tocantins, atraindo indústrias a partir de parcerias entre órgãos públicos e privados.;248
921;0;A;O livro ao registrar a culinária brasileira rejeitava os aspectos da culinária estrangeira.;249
922;4;B;A alimentação, que não se restringe à culinária, pode ser encarada como indicador socioeconômico de classes, países e etnias.;249
923;4;C;O Cozinheiro Nacional não se limita a fornecer receitas, mas associa hábitos alimentares e técnicas de preparo a diferentes graus de civilização.;249
924;1;D;O livro de receitas revela aspectos de determinada época e sociedade e indica uma possível familiaridade entre o ofício do cozinheiro...;249
925;4;A;O fato de não se conhecer o autor desta canção indica uma realidade de transmissão de experiências...;250
926;0;B;O uso de expressões que não se valem da norma culta de nossa língua contribui para o atraso cultural...;250
927;1;C;O lirismo da canção une a descrição da natureza do Mato Grosso à realidade social de um dado momento e os sentimentos de saudades daquele que deixou a sua própria terra.;250
928;4;D;Pode-se inferir que o sujeito da canção, ao encontrar “revolução” e “fortes batalhas”, referia-se à Guerra da Tríplice Aliança...;250
929;0;A;Revistas, como a Revista Feminina, e manuais... registraram opiniões consideradas machistas e, por isso, não podem ser utilizados como fontes...;251
930;1;B;Por acentuar características consideradas racionais, o escritório, ambiente doméstico masculino por excelência, funcionava como extensão do universo do trabalho...;251
931;4;C;"Alguns elementos da fotografia reforçam o texto, tais como as estantes de livros; a mesa ampla e cheia de afazeres; a presença de um homem, Amadeu Amaral, trajando terno e gravata, em uma posição sóbria e intelectual.";251
932;5;D;O termo “gênero” é utilizado em referência às construções sociais e culturais de masculinidade e feminilidade...;251
933;1;A;O documento apresenta informações sobre o território brasileiro entre os séculos XVII e XVIII, revelando um ambiente colonial intensamente conectado...;252
934;5;B;A carta descreve caminhos, povoações e registros técnicos sobre as distâncias da Bahia em relação aos demais povoados...;252
935;4;C;A epístola tem a autoria daquele que foi conhecido como o conquistador do Piauí...;252
936;0;D;Esse documento sobre as expansões territoriais nos séculos XVII e XVIII revê o argumento histórico do gado como principal agente desbravador do interior brasileiro, uma vez que ele indica o objetivo de manter as condições de exploração aurífera.;252
937;5;A;Os gestos de aclamação da mulher idosa e negra, de satisfação do homem branco, de harmonização da mulher mulata e de ternura da criança branca constroem um ambiente de redenção...;253
938;0;B;A forma como foram dispostas as personagens por Modesto Brocos indica a hierarquia social do período, momento em que as mulheres eram responsáveis pelo branqueamento populacional.;253
939;1;C;A cena ambientada à porta de um casebre em uma rua rudimentar mostra uma família...;253
940;4;D;A pintura de Modesto Brocos foi utilizada como ilustração por teorias médicas sobre a possibilidade do branqueamento populacional, revelando as aproximações que existiam entre arte e ciência...;253
941;4;A;“Matadeira” era o apelido do canhão Withworth, utilizado durante o conflito de Canudos (1896-1897).;255
942;1;B;O trecho “teatro do céu” pode ser associado ao caráter religioso do conflito...;255
943;5;C;Apesar de remeter ao conflito de Canudos... a letra da canção oferece outra possibilidade de leitura...;255
944;0;D;A Revolta de Canudos, ao longo do século XX teve pouca repercussão na historiografia...;255
945;1;A;A vinda de imigrantes açorianos para o sul do Brasil atendeu a uma política oficial...;256
946;0;B;A importância da imigração açoriana explica a inexistência de populações de origem africana...;256
947;0;C;O trabalho rural foi o único meio de sobrevivência possível...;256
948;4;D;A partir do século XIX, houve outra dinâmica econômica em Desterro (atual Florianópolis), com a oferta de serviços especializados e obras públicas sendo realizadas pela administração local.;256
949;4;A;A mulher que observa os recém adquiridos calos nas mãos registra a participação feminina nos serviços braçais de desmatamento e lavoura presentes na imigração para o sul do Brasil ao longo do século XIX.;257
950;4;B;O caráter nobre dos personagens que o pintor menciona na carta está expresso no quadro...;257
951;0;C;A imigração alemã para o Rio Grande do Sul diferiu da do restante do Brasil...;257
952;1;D;Weingärtner estudou na Europa e esse quadro foi uma forma de ele relatar aos europeus cenas brasileiras...;257
953;1;A;Soares, ao romancear uma notícia de jornal, expõe a história do episódio ocorrido...;258
954;5;B;A atitude de Hamilton dos Santos foi uma afronta a um poder de Estado e pode ser interpretada como desobediência civil.;258
955;5;C;Relembrando o cortiço “Cabeça de Porco”, pode-se afirmar que existe uma marca de violência na forma de tratar os problemas de terra urbana no Brasil.;258
956;0;D;O texto nos indica que Hamilton dos Santos se nega a demolir a casa de D. Telma Sueli por medo de retaliação...;258
957;5;A;O contexto republicano, que pode ser identificado na bandeira ao fundo, propõe um diálogo entre política e cultura na expansão civilizacional sobre os povos do Mato Grosso, transformando os antigos discursos de ocupação territorial da região em dever do Estado.;259
958;0;B;Os esforços pela educação e pela catequização de indígenas foram proibidos pela Constituição elaborada em 1934...;259
959;4;C;A foto registra um esforço de educação salesiana sobre os indígenas bororo...;259
960;4;D;As faces borradas de algumas meninas bororo sugerem o uso de uma técnica fotográfica...;259
961;0;A;As repressões enfrentadas no Brasil foram significativamente mais brandas...;260
962;1;B;Começou como um fato localizado em uma fábrica, mas com o passar do tempo ganhou amplas proporções...;260
963;4;C;Inaugurou um período de organização política que agregou os operários em São Paulo...;260
964;5;D;Está inserida em uma rede ampla de acontecimentos mundiais que alçaram os operários urbanos ao papel de protagonistas de transformações históricas.;260
965;5;A;Transformações possíveis na divisão interna do Brasil, por questões políticas ou estratégicas, ocorrem também na atualidade como na campanha para a criação dos territórios de Carajás e Tapajós no Pará.;261
966;0;B;A Constituição Federal de 1988, ao estabelecer que Estados e Territórios são sinônimos...;261
967;1;C;O mapa apresentado difere do mapa político-administrativo atual do Brasil...;261
968;4;D;Naquele momento a ideologia do regime de Vargas de proteção às fronteiras e ocupação dos vazios motivou a criação de territórios de fronteira...;261
969;4;A;O direito à acumulação de pecúlio e à compra da alforria na justiça deram aos escravos o direito de deixar o cativeiro...;262
970;5;B;A revogação do Título 63 do Livro 4 das Ordenações Filipinas...;262
971;0;C;A questão servil apontada no texto pelo conselheiro Nabuco refere-se às diferenças legais entre escravos e servos...;262
972;1;D;A Lei de 28 de setembro de 1871 trazia em seus 10 artigos o registro de direitos adquiridos pelos escravos: alguns há muito tempo vinham sendo efetivados nos costumes e outros eram fruto da luta dos próprios cativos.;262
973;0;A;A construção da imagem simbólica de Chico Xavier esvazia a importância da religião espírita...;263
974;1;B;A expansão e popularização do Espiritismo a partir da década de 1940 movimenta um mercado editorial...;263
975;5;C;A FEB atuou politicamente no intuito de unificar os trabalhos dos centros espíritas kardecistas em torno de doutrinas comuns, delimitando fronteiras entre o kardecismo e as religiões de matriz africana.;263
976;4;D;O texto apresenta o “caso Humberto de Campos”, que trouxe à tona um debate sobre as relações entre autoria e psicografia.;263
977;5;A;A associação entre a figura do diabo e determinados livros, ao lado de ações promovidas pelos órgãos inquisitoriais, reflete o temor da disseminação de ideais iluministas e revolucionários no período.;264
978;4;B;A dimensão e variedade de algumas bibliotecas particulares do período mostra como o Brasil absorvia influências externas...;264
979;1;C;A prisão do cônego Luís Vieira revela que, apesar da criação e operação de órgãos de censura instalados...;264
980;0;D;O Index, lista de livros proibidos desde o Concílio de Trento, permaneceu inalterado...;264
981;4;A;A ilegalidade da atividade justificava a necessidade de tecnologia e de estratégias de ocultamento da carga...;265
982;1;B;O comércio de africanos nos anos entre 1831 e 1850 foi uma atividade muito perigosa...;265
983;0;C;Conforme o exemplo do texto, as dificuldades cotidianas enfrentadas pelos traficantes de escravos faziam deste negócio uma atividade de baixos lucros.;265
984;5;D;O sucesso do negócio de compra de escravos no continente africano dependia muito da observação das tradições, podendo não ser efetivado por questões de protocolo social.;265
985;1;A;É um relato alegórico que narra o Motim do Vintém em quatro momentos...;267
986;5;B;Dá destaque aos líderes republicanos...;267
987;0;C;Desmascara a atuação de policiais a paisana que incentivaram o povo a atacar os bondes para assim incriminar os líderes republicanos.;267
988;4;D;Aponta para a existência de um debate na imprensa...;267
989;5;A;Apresenta “o amanhã” como uma revanche dos que foram calados pela ditadura e o “você” como os militares no poder.;268
990;4;B;Apesar de ter sido liberada e gravada...;268
991;4;C;Muitas canções foram censuradas...;268
992;1;D;O verso “Você me prende vivo...” mostra o conhecimento do autor...;268
993;4;A;Os Sambaquis, habitados por pescadores-coletores...;269
994;1;B;A imagem, em uma escala de 1:10, mostra dois sepultamentos numa área quadriculada de 26 metros, compostas de ossos humanos, restos de peixes, moluscos e pedras.;269
995;5;C;A metodologia que fundamenta a produção da imagem...;269
996;0;D;A descoberta dessas ossadas incentivou a promulgação da Lei Federal...;269
997;0;A;A redução dos índices demográficos...;270
998;4;B;Nos anos finais do século XVII a doença havia devastado...;270
999;1;C;O texto trata da epidemia de varíola...;270
1000;5;D;O missionário recorre a um elemento conhecido da tradição bíblica - a doença como punição divina - em seu argumento a favor dos jesuítas.;270
1001;1;A;A autora indica como a literatura de José de Alencar ajudou...;271
1002;0;B;O movimento “Quem dera ser um peixe” critica...;271
1003;4;C;O Centro Dragão do Mar de Arte e Cultura, inaugurado em Fortaleza em 1999, recebeu esse nome para homenagear o jangadeiro Francisco José do Nascimento e ressaltar sua importância para a história do Ceará.;271
1004;4;D;A ideia de que a escravidão foi abolida no Ceará...;271
1005;4;A;Esta questão internacional envolveu disputas...;272
1006;5;B;A assinatura do Tratado de Petrópolis, em 1903, ofereceu um desfecho diplomático a um processo que não foi pacífico.;272
1007;0;C;Foi graças ao auxílio militar norte-americano...;272
1008;1;D;A narrativa é permeada por sentimentos nacionalistas.;272
1009;5;A;A principal atividade dos castrati no Rio de Janeiro se dava na Real Capela, pois era proibida a atuação de mulheres nos espetáculos musicais de cunho religioso na Corte.;273
1010;1;B;No Brasil do período os espetáculos teatrais eram proibidos...;273
1011;0;C;Esse teatro possuía uma grande orquestra...;273
1012;4;D;Os castrati... eram cantores que foram castrados...;273
1013;0;A;As festas organizadas pelo capitão-general...;274
1014;4;B;Os vínculos estabelecidos entre a metrópole e a colônia...;274
1015;5;C;A autora vê a alimentação e os rituais que a envolvem como instrumentos de poder e de sociabilidade.;274
1016;1;D;A partir de documentos históricos, o texto indica aspectos relacionados ao contexto...;274
1017;4;A;Foi realizada num momento em que ocorreram várias manifestações...;275
1018;5;B;Dialoga com a cultura de massas...;275
1019;1;C;Há um descompasso entre a legenda-título da imagem e a ação praticada pelas personagens.;275
1020;0;D;Contribui para a propaganda favorável à ditadura.;275
1021;5;A;Argumentos que podem induzir o leitor a desconsiderar a gravidade da experiênica histórica do racismo, identificando-o como algo menor ou justificável, partilhado inclusive por suas vítimas.;276
1022;1;B;Revelações e polêmicas...;276
1023;4;C;Afirmações fundamentadas em teorias científicas...;276
1024;0;D;Erros, imprecisões e lugares comuns...;276
1025;4;A;O golpe militar de 1964 instaurou um regime...;278
1026;1;B;Inês Etienne Romeu relata os procedimentos de tortura...;278
1027;0;C;A repressão política das agências reguladoras era de conhecimento público...;278
1028;5;D;As agências mais atuantes na repressão política durante o período da ditadura eram o DEOPS paulista e os DOI-CODIs...;278
1029;1;A;O período referente à União Ibérica tornou-se um tabu...;279
1030;0;B;A historiografia dos séculos XIX e XX revelou uma intensa disputa...;279
1031;4;C;O tema da União Ibérica dentro da historiografia portuguesa questiona a existência de um sentimento nacionalista...;279
1032;5;D;A valorização dos episódios da Reconquista busca preservar a memória...;279
1033;1;A;A flor despetalada ao chão, o olhar distante do homem e o choro da mulher estão traduzidos pelo próprio título...;280
1034;5;B;A cena retratada se passa em um ambiente interno, de características burguesas...;280
1035;0;C;A obra, como era comum nas artes do século XIX, denunciava a dominação masculina...;280
1036;4;D;O crítico do jornal descreve os personagens retratados e o ambiente e julga seu comportamento.;280
1037;5;A;O nordeste do Brasil era, de acordo com o romance, um destino possível...;281
1038;4;B;Os “asientos”, válidos no Brasil durante a submissão de Portugal à Coroa Espanhola...;281
1039;1;C;A narrativa permite visualizar práticas comuns entre o fim do século XVII e início do XVIII, como a produção em engenhos...;281
1040;0;D;A proposta que os comerciantes fazem ao narrador... era uma tentativa de burlar as leis antitráfico inglesas...;281
1041;0;A;Se comparada a de ambientalistas... a opinião do senhor Heleno é historicamente menos relevante...;282
1042;4;B;O depoimento do senhor Heleno pode ser lido como uma crítica à implantação do modelo energético...;282
1043;5;C;O texto... insere-se no campo da história ambiental do tempo presente.;282
1044;1;D;O texto nos informa sobre as construções das hidrelétricas de Santo Antonio e Jirau... e apresenta diferentes pontos de vista...;282
1045;4;A;Principal derivado do cetáceo, o óleo... era utilizado na iluminação de engenhos...;283
1046;5;B;Ao explorar o tema da pesca da baleia, a autora propõe um enfoque diferente para a história colonial...;283
1047;1;C;O texto sugere as condições precárias de trabalho a que eram submetidos escravos e assalariados...;283
1048;0;D;A complexa estrutura de produção... sobrepunham-se aos discursos ambientalistas...;283
1049;0;A;A charge utiliza a metáfora de Esparta...;284
1050;1;B;A charge, elaborada no século XXI, apresenta uma narrativa visual para o evento ocorrido em 13 de março de 1823...;284
1051;5;C;Portugal lutava para manter os territórios ao norte do país unificados...;284
1052;4;D;A batalha contou com a participação de uma população sertaneja lutando com foices, enxadas e pedas de pau...;284
1053;5;A;Composta depois da criação do estado do Mato Grosso do Sul... a canção tenta criar uma identidade sul-mato-grossense...;285
1054;0;B;A canção mostra que o Mato Grosso do Sul ainda tenta se desvincular...;285
1055;4;C;Paulo Simões, o autor da letra, foi fortemente influenciado pelo livro Genocídio Americano...;285
1056;1;D;A canção traz uma narrativa sobre o que poderia ter se tornado o Mato Grosso do Sul...;285
1057;1;A;Apresenta aspectos da vida religiosa, econômica e social de Bartolomeu da Cunha Gago...;286
1058;0;B;Atesta que a condição de escravidão era eliminada com a morte do senhor.;286
1059;4;C;Permite chegar à conclusão de que Bartolomeu da Cunha foi uma figura importante... e era proprietário de fazendas...;286
1060;5;D;Deixa clara a noção de família patriarcal e fornece indícios para se compreender o período das bandeiras...;286
1061;4;A;A clara inversão de valores – pedir água é demagogia, mas pedir refrigerantes é justo – intensifica a crítica...;287
1062;4;B;Os personagens de Henfil... faziam parte do vasto repertório cultural dos anos 1970.;287
1063;1;C;Henfil zomba da ideia de que a seca... poderia ser resolvida por meio da implantação de uma indústria...;287
1064;0;D;Henfil criou personagens importantes como a Graúna e o Bode Orelana...;287
1065;5;A;Os veículos de comunicação constroem imagens e relatos...;289
1066;1;B;As matérias relacionam os protestos ocorridos no Brasil em 1992 e em 2013...;289
1067;0;C;Os movimentos de 1992 e de 2013 e também a Passeata dos Cem Mil...;289
1068;4;D;Nas imagens de 1992 o movimento é apresentado como uma grande massa organizada...;289
1069;4;A;Quando os compositores falam da volta do irmão do Henfil, estão se referindo a Betinho...;290
1070;0;B;A canção popular brasileira no período da ditadura foi um dos focos da resistência...;290
1071;4;C;A Anistia – ampla, geral e irrestrita – beneficiou exilados políticos...;290
1072;5;D;A canção apresenta o Brasil da Ditadura como uma alegoria do bêbado em luto...;290
1073;5;A;A gravura sugere que os operários estão intrinsecamente ligados a seu local de trabalho...;291
1074;1;B;A gravura em preto e branco representa uma longa fila de operários...;291
1075;4;C;Os traços utilizados pelo pintor... são características importantes da arte moderna...;291
1076;0;D;"A obra contradiz... o conhecido quadro ""Operários"" de Tarsila do Amaral.";291
1077;0;A;A manutenção do sistema escravista no Brasil impediu que as negociações...;292
1078;4;B;As décadas finais do século XIX e iniciais do século XX foram de intensos debates acerca da constituição das fronteiras...;292
1079;5;C;A questão da demarcação de terras indígenas... demonstra como o problema dos direitos territoriais... ainda é um debate atual...;292
1080;1;D;Concentrada durante muito tempo nas iniciativas de Robert Schomburgk... a historiografia compreende a questão do rio Pirara também em diálogo com os debates em torno do trabalho escravo...;292
1081;1;A;Acordos ortográficos interferem na grafia das palavras.;293
1082;5;B;O significado das palavras deriva do contexto histórico e dos usos em dado período.;293
1083;0;C;Conceitos cuja origem está na Antiguidade Clássica não têm sentido na atualidade.;293
1084;4;D;Dicionários são obras datadas e refletem a grafia corrente de cada período.;293
1085;0;A;Mesmo com a derrota brasileira no conflito, a atuação do exército...;294
1086;5;B;O território destacado no mapa representa a área da Bacia do Rio da Prata...;294
1087;1;C;O mapa é uma representação, elaborada no ano de 2014, do território brasileiro no ano de 1822.;294
1088;4;D;A Guerra da Cisplatina (1825-1828) terminou com o acordo de Montevidéu...;294
1089;4;A;As celas do edifício do DOPS detiveram pessoas que se opunham à ditadura...;295
1090;0;B;A proteção dos elementos arquitetônicos... garante a celebração da memória da ditadura...;295
1091;1;C;A memória social paulista referendada no documento diz respeito à importância histórica do edifício...;295
1092;5;D;O edifício tombado carrega uma memória difícil...;295
1093;0;A;Exalta a importância da delação feita por mulheres...;296
1094;4;B;Apresenta a insurreição como organizada, planejada e executada por indivíduos...;296
1095;5;C;Descreve o Levante dos Malês, ocorrido na cidade de Salvador em 1835...;296
1096;1;D;Trata-se de uma carta publicada no Rio de Janeiro... escrita ainda no calor dos acontecimentos...;296
1097;5;A;A geografia é personagem importante nas obras literárias de Guimarães Rosa...;297
1098;0;B;A paixão de Guimarães Rosa pela paisagem... foi adquirida com a sua posse do cargo na Sociedade de Geografia...;297
1099;4;C;No discurso de posse, Guimarães Rosa abandona seus famosos neologismos...;297
1100;1;D;Admirador da geografia brasileira... Guimarães Rosa... enaltece as topografias interioranas.;297
1101;4;A;O edifício retratado no alto da colina é o santuário mais antigo do Brasil...;298
1102;1;B;O pintor faz referência a um dos episódios da invasão holandesa...;298
1103;1;C;A pintura coloca em primeiro plano os holandeses, surpresos...;298
1104;5;D;A imagem sugere uma interpretação do desfecho do conflito como de cunho religioso.;298
1105;1;A;Vivendo uma ditadura no Brasil, o autor mostra na canção original de 1975 como gostaria que aquela revolução estivesse acontecendo também aqui.;299
1106;4;B;A canção possui duas letras por ter tido a primeira versão censurada...;299
1107;5;C;Letra foi alterada pelo autor, em 1978, pois as propostas iniciais da Revolução dos Cravos haviam sido desvirtuadas.;299
1108;0;D;A canção remete à Revolução dos Cravos... com o objetivo de derrubar a ditadura do general Franco.;299
1109;5;A;Ao unir pintura, escultura e arquitetura... Adriana Varejão oferece-nos uma releitura contemporânea...;301
1110;1;B;A forma como são combinadas as peças... produz efeito diferente ao do desenho preciso de Portinari.;301
1111;5;C;O complexo arquitetônico da Pampulha... foi construído sob a égide da modernização...;301
1112;0;D;Os azulejos de Portinari foram concebidos originalmente para outro local...;301
1113;0;A;A “dramática realidade das estatísticas” foi superada...;302
1114;5;B;A forma como o documento encadeia as estatísticas convida a uma crítica às prioridades do governo...;302
1115;1;C;O período de obrigatoriedade e gratuidade do ensino sofreu alterações ao longo do tempo.;302
1116;4;D;Os dados apresentados... contradizem a política e os ideais desenvolvimentistas do período.;302
1117;4;A;Os índios reduzidos nas Missões jesuíticas do Rio Grande do Sul dedicavam-se... à aprendizagem de música, escultura e pintura.;303
1118;1;B;Trata-se de uma carta escrita por um dos personagens do livro...;303
1119;0;C;Ao retratar um cotidiano idílico e sem conflitos, a escrita de Alonzo é fiel à realidade...;303
1120;5;D;A carta relaciona a condição de civilidade dos índios à conversão cristã...;303
1121;1;A;A foto demonstra um momento de descontração da atual presidenta e de quatro ex-presidentes civis...;304
1122;5;B;A imagem retrata os presidentes do Brasil que se sucederam no poder entre 1985 e 2010...;304
1123;0;C;Todos os ex-presidentes que estão na foto registram em suas biografias políticas a luta contra os abusos do regime...;304
1124;4;D;"Alguns eventos relacionados à economia nacional e ligados às medidas tomadas... são: o Plano Cruzado; o sequestro das poupanças; o Plano Real...";304
1125;5;A;Ganhou o apelido de “Decreto Leila Diniz”...;305
1126;0;B;Protegeu o país de difamações e da falta de moralidade...;305
1127;4;C;Aprofundou a censura à imprensa, que já sofrera restrições significativas com a chamada “Lei da Imprensa” de 1967...;305
1128;1;D;Assinado pelo General Emílio Garrastazu Médici, instituiu a censura prévia aos textos e entrevistas...;305
1129;0;A;O episódio da República do Cunani foi irrelevante...;306
1130;4;B;Após tentativas de rebeliões... os escravos eram vistos como ameaça à estabilidade do Império.;306
1131;5;C;A parte final do documento alerta para a possibilidade de os escravos se aliarem a estrangeiros...;306
1132;1;D;A preocupação com quilombos e com as fugas para as Guianas evidencia que ali a escravidão era considerada uma prática reprovável...;306
1133;5;A;O detalhamento das partes que compõem essa planta... é uma aplicação por von Martius dos métodos científicos de Lineu.;307
1134;4;B;Grande parte das expedições científicas do século XIX ao Brasil foi estabelecida em caráter oficial.;307
1135;1;C;A imagem revela detalhes de uma planta da flora brasileira...;307
1136;0;D;Até o século XIX, a riqueza da flora brasileira passou despercebida pelos viajantes estrangeiros.;307
1137;1;A;A repetição da palavra “medo”... reforça a ideia de um sentimento inescapável...;308
1138;5;B;Assim como os demais poemas do mesmo livro... insere-se na segunda fase do modernismo literário...;308
1139;4;C;Reflete os traumas e preocupações contemporâneos ao poeta, como os resquícios da 1ª Guerra Mundial, a eclosão da 2ª e o Estado Novo...;308
1140;0;D;Faz, no título e no tema, uma referência ao Congresso da Internacional Comunista...;308
1141;4;A;Após o fim da guerra as ex-combatentes tiveram que lutar para permanecer como oficiais do exército...;309
1142;0;B;Os documentos tratam da participação da tenente enfermeira Lenalda Campos Duboc... seguindo uma longa tradição de mulheres oficiais...;309
1143;1;C;As enfermeiras recebiam treinamento específico... além de assumir a responsabilidade pelos mesmos.;309
1144;5;D;A participação das mulheres na FEB se assemelhou ao papel esperado para as mulheres na vida social, o de cuidadoras...;309
1145;1;A;Revela não apenas a convivência da educadora alemã no ambiente doméstico... mas também o discurso idílico e exótico...;310
1146;4;B;Num momento em que cresciam as tensões a favor da abolição... o relato descreve o que a alemã considera a indolência das elites...;310
1147;5;C;Ina von Binzer destaca-se como autora de um dos poucos relatos de experiências de mulheres estrangeiras no Brasil...;310
1148;0;D;O tom irônico que perpassa a carta de von Binzer faz com que as cenas se tornem inverossímeis...;310
1149;0;A;A busca por afastar-se de outros grupos foi um fator determinante para a construção de identidades étnicas...;311
1150;1;B;A classificação dos indígenas em categorias genéricas foi importante para o projeto colonizador... mas também atendeu a interesses dos grupos nativos...;311
1151;4;C;A construção das identidades indígenas se deu na relação entre as origens pré-coloniais e no contato com a diversidade dos conquistadores...;311
1152;5;D;Os estudos atuais... lançam seu olhar para além das classificações genéricas...;311
1153;5;A;A cena expressa relações de dependência...;313
1154;0;B;A imagem trata com humor a docilidade...;313
1155;4;C;Pode-se inferir que a personagem negra é cativa por conta dos pés descalços...;313
1156;1;D;A aquarela... representa uma cena da vida quotidiana do Brasil oitocentista.;313
1157;1;A;Trata-se de uma manifestação cultural... vista com receio pelas elites locais.;314
1158;5;B;Antes criminalizada, a prática foi ressignificada ao longo do tempo...;314
1159;0;C;Sua principal motivação sempre foi o consumo de álcool...;314
1160;4;D;Considerado Patrimônio Imaterial pelo IPHAN... importante para a sociabilidade local.;314
1161;4;A;O teatro era considerado... como um eficaz propagador do “bom gosto”...;315
1162;1;B;Os termos apresentados regulam a conduta dentro do teatro...;315
1163;5;C;A existência de uma lei que proibia e punia determinados atos indica que público e artistas os praticavam.;315
1164;0;D;O público dos teatros da corte era formado por pessoas das classes mais altas.;315
1165;0;A;A relação entre os indígenas e os garimpeiros melhorou...;316
1166;4;B;O garimpo feito com bateia é muito disseminado...;316
1167;1;C;O primeiro retrata um garimpeiro e o cordel traz a narrativa de um maranhense que se mudou para Roraima.;316
1168;4;D;A migração para o território de Roraima... ocasionou um boom demográfico na década de 1980.;316
1169;1;A;O ocupação do território... concentrou-se em áreas próximas às margens dos rios.;317
1170;4;B;Construções como a Igreja e o Palácio do Governo tornam-se centrais na organização das cidades...;317
1171;5;C;A construção de vilas e cidades... indicam os conhecimentos científicos do Império Português.;317
1172;0;D;A ocupação irregular do território dificultou o estabelecimento de atividades econômicas.;317
1173;0;A;Revelam a relação entre classe empresarial e poder público...;318
1174;1;B;Fornecem informações sobre uma greve ocorrida no dia 11 de outubro de 1935...;318
1175;4;C;Demonstram o acompanhamento minucioso da polícia às atividades dos trabalhadores...;318
1176;5;D;A documentação da polícia política permite o acesso à história da repressão e da resistência.;318
1177;5;A;A ausência de mulheres nos cargos de direção... foi interpretada como falta de participação política.;319
1178;0;B;Demonstram que a greve... teve duração rápida e pouca força política...;319
1179;1;C;Revelam um momento de agitação das classes trabalhadoras... por aumento de salários.;319
1180;4;D;Referem-se a uma greve ocorrida numa fábrica de tecidos, setor que empregava um grande número de mulheres.;319
1181;4;A;O uso de “línguas gerais”... era visto com preocupação pelas autoridades lusitanas...;320
1182;5;B;A imposição de uma norma linguística está relacionada ao exercício da dominação...;320
1183;0;C;Após a imposição da língua portuguesa... esses povos lograram civilizar-se...;320
1184;1;D;Todos contêm observações acerca dos usos linguísticos adotados nos domínios coloniais.;320
1185;0;A;O feminismo exerce um fator de dominação...;321
1186;4;B;As tarefas domésticas são definidas pelas relações de gênero...;321
1187;1;C;Os papéis tradicionalmente associados às mulheres reforçam uma condição de dupla jornada...;321
1188;5;D;A herança patriarcal histórica mostra-se bastante presente no Brasil atual.;321
1189;1;A;Ao mesmo tempo em que descreve problemas comezinhos... dialoga com interlocutores de posições sociais distintas.;322
1190;5;B;A ascensão social não se realiza plenamente devido ao racismo.;322
1191;0;C;O consumo desse gênero musical por parte das classes mais abastadas... perpetua a relação entre crime e favela.;322
1192;4;D;Os caminhos oferecidos pela sociedade para a ascensão social do negro... são o crime, a música e o futebol.;322
1193;0;A;O texto alerta as classes menos favorecidas para o perigo do endividamento...;324
1194;5;B;A ideia de “se diferenciar do resto da humanidade” está ligada ao conceito de elitismo...;324
1195;1;C;A autora defende que a presença de brasileiros fazendo turismo diminui o prazer de visitar locais...;324
1196;4;D;O texto pode ser utilizado como indício de que certos grupos sociais passaram a ter acesso a bens antes inacessíveis.;324
1197;4;A;O filme de Humberto Mauro fazia parte de uma política de cinema educativo.;325
1198;1;B;Os indígenas são retratados em primeiro plano... mas o tema principal é a cruz.;325
1199;0;C;Os dois documentos obedecem a uma hierarquia... sendo o filme o menos fidedigno.;325
1200;5;D;O quadro de Victor Meirelles exerce grande influência na narrativa visual do filme.;325
1201;1;A;A história da presença de japoneses no norte foi alterada pela entrada na 2ª Guerra.;326
1202;0;B;A retratação recente... é uma medida inócua.;326
1203;5;C;A retratação procura estabelecer uma nova memória e evitar o apagamento de episódios violentos do Estado.;326
1204;4;D;O confisco de bens e perseguição pautaram-se num decreto presidencial.;326
1205;5;A;A inserção dos direitos em todos os capítulos objetivava superar a lógica da caridade...;327
1206;4;B;O termo “pessoa com deficiência” é mais adequado que “portadoras de deficiência”...;327
1207;0;C;A reserva de percentual de cargos distorce os ganhos políticos...;327
1208;1;D;A Proposta de Emenda Popular propõe alterações em vários artigos...;327
1209;1;A;Trata do árduo trabalho realizado por escravos no cotidiano das charqueadas...;328
1210;5;B;Desconstrói a ideia de uma identidade rio-grandense construída a partir da imigração europeia.;328
1211;4;C;A consolidação das charqueadas... ocorreu no século XIX na cidade de Pelotas.;328
1212;0;D;A Revolução Farroupilha... teve como um dos resultados a libertação dos escravos.;328
1213;0;A;A prática do canibalismo era a principal característica de sua cultura.;329
1214;1;B;A imagem retrata indígenas comendo partes de corpos... enquanto um observador europeu demonstra espanto.;329
1215;4;C;A carne humana consumida pelos tupi era exclusivamente de inimigos mortos em combate...;329
1216;5;D;A expressão da barbárie indígena, no desenho de de Bry, revela o imaginário europeu do século XVI.;329
1217;4;A;O periódico se refere ao movimento do Contestado... características de disputas por terras e messianismo.;330
1218;0;B;A conexão entre Ceará e Sul demonstra uma rede entre Padre Cícero e José Maria...;330
1219;5;C;"O termo “fanáticos” denota que os cidadãos letrados consideravam-se civilizados vs. ""bárbaros"" do sertão.";330
1220;5;D;A religiosidade popular cumpria papel fundamental na resistência à estrutura de poder.;330
1221;5;A;Caracteriza as camadas médias e inaugura a referência ao “malandro”.;331
1222;4;B;Demonstra as frustrações da família de Leonardo... escolhas profissionais restritas.;331
1223;1;C;Revela a trajetória de uma família que reservou grandes expectativas para o futuro de Leonardo.;331
1224;0;D;Descreve as limitações da sociedade escravista e formulação de preconceitos raciais.;331
1225;1;A;A existência de objetos ligados à “magia” era evidência material de sua prática para a polícia.;332
1226;5;B;A autora culpabiliza seguidores de outras crenças religiosas...;332
1227;0;C;A Constituição de 1988 não garante a proteção aos locais de culto.;332
1228;4;D;O fato de a coleção ser objeto de investigação policial e item protegido pelo patrimônio indica posturas ambivalentes.;332
1229;0;A;Denotava a imaturidade da esquerda brasileira...;333
1230;1;B;Anunciava a formação de um movimento que reivindicava “meia entrada”.;333
1231;4;C;Marcava a entrada de um movimento de juventude na política, interrompido pelo Estado Novo.;333
1232;5;D;Reivindicando políticas públicas, os estudantes se constituíam como sujeitos políticos.;333
1233;5;A;Crítica política à população que não reconhece a importância do Nordeste...;335
1234;0;B;Resposta aos ataques em eleições presidenciais...;335
1235;1;C;Defende a produção cultural imaginando o Nordeste como nação independente...;335
1236;4;D;A gravação foi censurada em 1984...;335
1237;4;A;Identifica agências como CIA, NSA e FBI e forças armadas...;336
1238;0;B;Mostra a conexão entre governos para monitorar a segurança contra o Bloco Socialista...;336
1239;5;C;Mostra o esforço dos EUA em influenciar o serviço de inteligência via Golbery do Couto e Silva.;336
1240;1;D;Contém códigos e referências não acessíveis imediatamente à leitura.;336
1241;5;A;Representar seres humanos como bestas indica a insalubridade...;337
1242;4;B;“Tigreiros” eram escravos que esvaziavam barris com excrementos...;337
1243;4;C;No Rio de Janeiro ocorreram epidemias de cólera e febre amarela...;337
1244;0;D;No séc. XIX, o saneamento básico era prioridade do Estado.;337
1245;1;A;Mulheres eram valorizadas segundo atividades domésticas...;338
1246;5;B;O controle sobre o corpo ligava-se à vontade do Estado de conformação da sociedade.;338
1247;0;C;O futebol continua sendo prática exclusiva masculina.;338
1248;4;D;Esportes permitidos revelavam uma concepção científica sobre o corpo da mulher.;338
1249;0;A;Processos de independência do Brasil e África são simultâneos.;339
1250;1;B;Texto literário com metáforas traz características de fala de outro país.;339
1251;4;C;Nome do bebê remete à independência de Moçambique e o sangue à guerra civil.;339
1252;5;D;Influência de Guimarães Rosa e a esperança de uma nova vida pós-independência.;339
1253;4;A;"Trata da separação em 1977; movimento ativo desde o séc. XIX.";340
1254;1;B;Mostra um boi (Pecus) e a efígie da república (Pecúnia) em negociação tensa.;340
1255;5;C;Visão crítica sobre a divisão, apontando interesses econômicos e militares.;340
1256;0;D;Uso do vermelho foi interpretado como apologia ao comunismo.;340
1257;0;A;Desconhecimento das vitaminas é prova de ignorância maior que hoje.;341
1258;4;B;Marinheiros adoeciam mais que oficiais, revelando relações de poder e saber.;341
1259;1;C;Historiador analisa abastecimento e doenças a partir de diários de viagem.;341
1260;5;D;Conceber o “Atlântico como um espaço histórico” une oceanos e territórios em construção.;341
1261;1;A;Mulher chora observando uma fotografia em interior simples.;342
1262;5;B;Exemplo de pintura acadêmica por tema e forma.;342
1263;0;C;Livro e sapatos indicam que se trata de uma liberta.;342
1264;4;D;Cor escura do xale e nome da obra sugerem uma jovem viúva.;342
1265;4;A;Existiram outros projetos políticos além do Centro-Sul, consolidados com violência.;343
1266;0;B;Poucas tropas asseguraram a união sem derramamento de sangue.;343
1267;5;C;Resistência mostra que não havia conceito de nação brasileira preexistente.;343
1268;1;D;Adesão ocorreu quase um ano após o Grito do Ipiranga.;343
1269;5;A;Imagens são documentos criados pela interação fotógrafo/fotografado.;344
1270;4;B;"Benjamin Abrahão foi o único autorizado; reforçou arquétipo de Lampião.";344
1271;1;C;Imagens capturadas em 1936 mostram Lampião, Maria Bonita e o bando.;344
1272;0;D;Abrahão Botto viveu em Canudos antes de fotografar Lampião.;344
1273;4;A;Atribui ao sertanejo um caráter patológico e anormal (elemento passivo).;345
1274;1;B;Nina Rodrigues propõe explicação científica para comportamento social.;345
1275;0;C;Obra deu origem ao determinismo racial contemporâneo.;345
1276;5;D;Discurso cientificista que naturalizava diferenças sociais como degeneração biológica.;345
1277;0;A;A escravidão contemporânea... é idêntica àquela que existiu entre os séculos XVI ao XIX.;347
1278;5;B;Em pleno século XXI... persistem formas ilegais de exploração.;347
1279;4;C;A linguagem simples do cordel visa encorajar a denúncia.;347
1280;1;D;O doc. 1 denuncia o recrutamento e o doc. 2 conceitua o trabalho escravo contemporâneo.;347
1281;4;A;O poder de SP e MG advinha de seus vastos colégios eleitorais...;348
1282;5;B;A política do “café-com-leite” sugere um período de estabilidade... que não ocorreu.;348
1283;0;C;A Revolução de 1930 coroou a aliança hegemônica das oligarquias.;348
1284;1;D;SP e MG ocupam o topo de uma montanha com a cadeira da presidência...;348
1285;1;A;O autor baseia sua descrição em relatos indígenas e europeus.;349
1286;0;B;As informações são de origem fantasiosa (ficção).;349
1287;4;C;Faz parte de uma obra que descreve geografia, fauna e flora, usada no séc. XIX.;349
1288;5;D;Coloca o indígena como elemento da natureza, reforçando a condição de selvagem.;349
1289;4;A;Refere-se ao transporte rodoviário... predominante com a indústria automobilística (JK).;350
1290;1;B;Propõe uma descrição da realidade dos caminhoneiros... seus sentimentos e saberes.;350
1291;5;C;Trabalha com um arquétipo da masculinidade (pai de família e femeeiro).;350
1292;0;D;O frete é o valor cobrado e o responsável pelos acidentes nas estradas.;350
1293;5;A;O uso de bigodes é uma referência ao discurso do presidente.;351
1294;4;B;Convocou-se a população para atuar como “fiscal do governo”...;351
1295;1;C;O cartunista se autorretrata como alguém que não atendeu ao chamado.;351
1296;0;D;Os bigodes e o texto referem-se ao presidente eleito pelo voto direto.;351
1297;0;A;O desastre de Chernobyl impulsionou a criação da CNEN em 1988.;352
1298;1;B;Pinturas de Siron Franco retratam Goiânia afetada pelo césio 137.;352
1299;5;C;A Série Césio confere materialidade aos perigos da radioatividade e memória de luto.;352
1300;4;D;Siron Franco é idealizador do Museu do Césio.;352
1301;4;A;A interpretação dos números revela opiniões sobre o ensino superior.;353
1302;5;B;Porcentagem inclinada às “3 armas” sugere boa imagem da carreira militar.;353
1303;0;C;O índice de alfabetizados justificava preocupação com o ensino superior.;353
1304;1;D;A estatística oferece indícios de aspectos da sociedade em cada época.;353
1305;4;A;"Jorge Amado critica o processo de escolha dos ""imortais"" (política interna).";354
1306;0;B;Amado exagera na importância de Júlia Lopes de Almeida para desconstruir Machado de Assis.;354
1307;1;C;Júlia Lopes de Almeida abriu mão da vaga para beneficiar o marido.;354
1308;5;D;O texto desconstrói o mito de Machado de Assis (machista e salafrário).;354
1309;5;A;Oficializa o deslocamento do centro administrativo para o Brasil.;355
1310;4;B;Permite identificar a vasta extensão do Império Português.;355
1311;0;C;Faz parte de leis pressionadas pelos ingleses.;355
1312;1;D;Retira o Brasil da condição de colônia, elevando-o a Reino Unido.;355
1313;1;A;A fotografia mostra trabalhadores entre construções em andamento.;356
1314;4;B;O monumento “Dois Guerreiros” ajudou a construir a memória desses trabalhadores.;356
1315;5;C;As imagens retratam a contradição entre desenvolvimentismo e precariedade.;356
1316;0;D;O Plano Piloto previu moradias para os candangos no coração da capital.;356
1317;0;A;Crises de abastecimento eram frequentes e inevitáveis (natureza).;357
1318;5;B;Seca agravada pela falta de infraestrutura e degradação de nascentes.;357
1319;1;C;Satiriza a crise hídrica, indicando aumento de preços.;357
1320;4;D;Serviço de Administração das Florestas indica preocupação com desmatamento.;357
1321;4;A;A ocupação das escolas como luta política dos estudantes não ficou restrita ao estado de São Paulo.;359
1322;1;B;A notícia conta como os músicos se juntaram para gravar uma canção em apoio aos estudantes de São Paulo, que se levantaram contra a reorganização proposta pelo governador Geraldo Alckmin.;359
1323;5;C;A proposta do estado que gerou o levante dos estudantes apostava na passividade dos atores sociais envolvidos.;359
1324;0;D;O governo voltou atrás em sua proposta de reorganizar e fechar as escolas, comovido com o movimento que uniu milhares de estudantes no estado de São Paulo.;359
1325;0;A;Uma vez que o novo sistema de aferições atingia diretamente os comerciantes e consumidores, outros setores da sociedade não se interessaram em participar do movimento.;360
1326;5;B;A imposição de um novo sistema métrico era percebida como autoritária e desnecessária por parte da população, uma vez que o sistema antigo a servia e fazia parte de seus costumes.;360
1327;1;C;Mostram a revolta em relação a novos tributos estabelecidos e a vigência de um novo sistema de pesos e medidas.;360
1328;4;D;A Revolta do Quebra-Quilos teve seu início em Campina Grande, no ano de 1874, e se alastrou por mais três províncias: Pernambuco, Alagoas e Rio Grande do Norte.;360
1329;4;A;Maria Bethânia substituiu Nara Leão no espetáculo Opinião, com Zé Kéti e João do Vale, onde interpretou a canção Carcará.;361
1330;0;B;Oyá, citada no título da canção é o nome dado a Iemanjá, mãe das tempestades no Candomblé, orixá de Maria Bethânia.;361
1331;5;C;O samba faz referência à religiosidade hibrida de Maria Bethânia.;361
1332;1;D;A letra do samba-enredo faz referência a várias canções interpretadas por Maria Bethânia.;361
1333;5;A;"A importância do registro das memórias e histórias de vida é revelada pela proposta de Antonio Mortalma de trocar ""vida por vida"", poupando o jornalista em troca de suas anotações.";362
1334;4;B;Na obra, os traços de Flavio Colin remetem à xilogravura, técnica de reprodução de imagens que utiliza uma matriz de madeira entalhada a mão, frequentemente utilizada para ilustrar textos da literatura de cordel.;362
1335;4;C;"Homem letrado e urbano que visita o sertão e tece comentários sobre o que vê, o jornalista Ulisses de Araújo aproxima-se do interlocutor de Riobaldo em ""Grande Sertão: Veredas"", de Guimarães Rosa.";362
1336;0;D;A epopeia cívica que se iniciaria com a chegada do Coronel Odorico Pereira e o fim o banditismo acabariam como atraso cultural que o cangaço impunha ao sertão, exemplificado pelo analfabetismo de Mortalma.;362
1337;1;A;O texto trata do período da estiagem, da consequente movimentação dos retirantes e das soluções engendradas pelo Estado para lidar com a seca.;363
1338;5;B;A massa de retirantes que vagavam pelo Estado foi isolada em campos de concentração da seca para impedir sua ida à Fortaleza, evitando que se repetisse a invasão de flagelados como acontecera em 1877.;363
1339;0;C;O esforço do Poder Público em manter trabalhadores pobres longe de Fortaleza fazia parte de um plano para evitar a concentração populacional nos centros urbanos e por consequência, oferecer melhores postos de trabalho e condições de vida no interior.;363
1340;4;D;Uma estratégia da Comissão de Obras Novas para aplacar os efeitos da seca foi a construção de obras no interior do Ceará, estabelecendo os retirantes como trabalhadores e evitando que se dirigissem às cidades.;363
1341;5;A;As formas como os autores representam o bicho-preguiça nos remetem ao conhecimento europeu do século XVI, pois usaram elementos da cultura, religião e fauna difundidos no Velho Mundo a fim de serem compreendidos por seus leitores.;364
1342;4;B;"Os autores aproveitaram alguns conhecimentos adquiridos do universo indígena para comporem suas descrições sobre as características e os hábitos do ""Haüt"", “ai” ou ""preguiça"".";364
1343;0;C;Andre Thevet e Soares de Souza eram naturalistas e vieram para o continente com o propósito de elaborarem seus cadernos sobre a fauna e a flora do Novo Mundo.;364
1344;1;D;As particularidades da natureza sempre fascinaram os viajantes europeus que passavam uma temporada na América, o que se pode notar, por exemplo, nas inúmeras e minuciosas descrições feitas sobre o bicho-preguiça.;364
1345;1;A;Representa uma cena urbana, com pessoas caminhando em uma área comercial, e uma pichação na parede em que se lê “Aborto Elétrico”.;365
1346;0;B;Devido à censura existente no momento em que foi feita a fotografia, não é possível identificar os rostos das pessoas caminhando.;365
1347;4;C;Evidencia a proposta subversiva do punk rock incorporada pela banda durante um momento de contestação política.;365
1348;5;D;Retrata uma cena na capital do país, Brasília, com destaque para a pichação que cria marcas de enfrentamento da ordem política e social vigente.;365
1349;0;A;A riqueza de informações políticas e militares sobre o Brasil na troca de correspondências entre órgãos do governo norte-americano revela a colaboração diplomática do governo de João Goulart com o projeto político dos Estados Unidos.;366
1350;1;B;Trata-se de correspondência enviada pela Embaixada dos Estados Unidos no Brasil ao Departamento de Estado, órgão do poder executivo norte-americano responsável pela política externa do país, que descreve a capacidade das polícias no Amazonas, com contribuição de um membro da Secretaria de Justiça.;366
1351;5;C;Às vésperas de um golpe militar no Brasil, os Estados Unidos fortalecem as ações diplomáticas de oposição ao governo de João Goulart, para garantir o alinhamento deste país ao Bloco Capitalista, mantendo-se informado sobre o aparato militar.;366
1352;4;D;Revela o interesse político da Embaixada dos Estados Unidos no Brasil em detalhar ao Departamento de Estado norte-americano o número de soldados e de armamentos localizados no Estado do Amazonas, bem como em oferecer-lhes treinamento.;366
1353;4;A;A pouca repercussão do assassinato do curumim é associada ao modo como os grupos indígenas são tratados na sociedade brasileira e discutir o crime é uma forma de debater as questões da demarcação de terras indígenas e das condições de vida do povo Kaingang, temas que não interessam à grande imprensa ou ao Estado.;367
1354;0;B;"A maior repercussão no caso do garoto Aylan Kurdi é diferente da de Vitor Pinto; uma está num conflito internacional e o outra é um episódio de violência isolada contra uma criança.";367
1355;1;C;"Os episódios são comparáveis, à medida que mostram duas crianças mortas em situação de exclusão. Uma dessas mortes sensibilizou as sociedades ocidentais para a fragilidade da situação de refugiados vítimas de um conflito armado; a outra, quase ignorada, expressa o modo como a sociedade brasileira aborda a população indígena.";367
1356;5;D;Uma morte está associada às variações da “Guerra ao Terror” e a outra ao modo de apagamento de populações indígenas que foi sendo incorporado na sociedade brasileira, onde se valoriza, no máximo, o passado, mas não o presente desses povos.;367
1357;5;A;É reveladora de um longo processo de invisibilidade dos povos indígenas no Brasil, pois na foto nem a vítima é exibida.;368
1358;1;B;Expressa partes visíveis e invisíveis, sendo que entre as primeiras estão os chinelos e os brinquedos de plástico.;368
1359;4;C;Pode ser usada para indicar a importância do episódio e a necessidade de se debater as condições dos grupos indígenas no presente.;368
1360;0;D;Diferente do que afirma a jornalista, na foto não há a presença da vítima e assim ela não pode documentar o que aconteceu.;368
1361;1;A;"O primeiro reúne propagandas de venda de sanguessugas; o segundo é um manual médico com técnicas de tratamento.";370
1362;4;B;Os anúncios são de lojas oferecendo o aluguel de Bichas (sanguessugas) para fins terapêuticos por barbeiros.;370
1363;0;C;Apesar da tradição, essa prática já havia sido proibida pelo governo por ser perigosa.;370
1364;5;D;O Guia de Chernoviz orientou gerações que consideravam eficazes as terapias com sanguessugas.;370
1365;5;A;O rio Doce tem sua importância econômica e exploração marcadas desde o período colonial.;371
1366;1;B;D. João VI rege diretrizes de expansão e de ocupação dos territórios do reino do Brasil.;371
1367;0;C;A construção de estradas estava atrelada à presença fabril na região.;371
1368;4;D;"São chamadas de ""sertão"" as terras que ainda não estavam sob total controle dos portugueses.";371
1369;1;A;Apresenta dois planos: homens vestidos subjugando uma mulher nua.;372
1370;4;B;Remete às expedições bandeirantes que adentravam o território.;372
1371;5;C;O artista questiona uma certa imagem heroica associada aos bandeirantes.;372
1372;0;D;A pele mais clara da mulher evidencia a sua origem europeia.;372
1373;0;A;Mossoró foi o primeiro município no Brasil a libertar todos os seus cativos em 1883.;373
1374;5;B;O discurso do jornal ressalta o heroísmo e omite outras causas para preservar uma memória.;373
1375;4;C;Ainda hoje, festividades e monumentos ajudam a preservar o discurso de vanguardismo da cidade.;373
1376;1;D;O jornal anunciou com júbilo o fim da escravidão em Mossoró, no Rio Grande do Norte.;373
1377;1;A;Trata-se do boletim da aluna Luba Gleser, do núcleo feminino em São Paulo.;374
1378;0;B;Em 1943, Gustavo Capanema proibiu boletins escolares em colégios femininos.;374
1379;5;C;Disciplinas como Polidez indicam a preocupação em reforçar modelos femininos de elite.;374
1380;4;D;O campo “Assinatura do pai ou tutor” relacionava a educação formal à figura masculina.;374
1381;0;A;O pedido de alistamento representava a necessidade das mulheres serem vistas apenas como mães.;375
1382;5;B;A negação do alistamento baseava-se nos costumes e não na legislação.;375
1383;4;C;O pedido faz parte dos esforços feministas pelo direito ao voto, aprovado em 1932.;375
1384;1;D;Diva Nolf Nazario solicitou participar das eleições com base na Constituição e teve o pedido negado.;375
1385;1;A;Monteiro Lobato nasceu em Taubaté e sua obra é voltada ao público infanto-juvenil.;376
1386;0;B;O conto compõe um quadro da decadência do Vale do Paraíba após a abolição.;376
1387;4;C;"O conto Negrinha sustenta-se em violências que tratam a criança negra como ""coisa"".";376
1388;5;D;Lobato posiciona personagens negras em inferioridade, como Negrinha e Tia Nastácia.;376
1389;5;A;Dispositivo legal que impedia encobrir o rosto para permitir o controle social.;377
1390;1;B;Proclamação do vice-rei determinando que ninguém no RJ andasse com rosto encoberto.;377
1391;4;C;A determinação deveria ser divulgada a “toque de caixas” para anúncio público.;377
1392;0;D;A determinação não tinha força de lei porque o Brasil seguia as Ordenações Filipinas.;377
1393;0;A;Traz um narrador que ascendeu socialmente.;378
1394;5;B;Ironiza o trabalho honesto como condição para moradia legalizada.;378
1395;1;C;Descreve a saga de um indivíduo para adquirir e legalizar sua moradia.;378
1396;4;D;Exige conhecimento prévio sobre São Paulo e o repertório do sambista.;378
1397;1;A;O poeta faz um jogo de palavras entre “mente” e a mentira constante no país.;379
1398;4;B;O poema faz referência ao atentado do Riocentro (1981) cometido por militares.;379
1399;0;C;No trecho, o poeta deixa transparecer seu alinhamento ao regime militar.;379
1400;5;D;O episódio evidenciou a manipulação pública e acelerou a redemocratização.;379
1401;4;A;"Pedro Weingärtner é um artista nascido no Rio Grande do Sul, descendente de
alemães, que fez sua formação e parte de sua carreira na Europa. No início do
século XX, sua obra ganhou destaque em exposições nacionais e internacionais.";381
1402;1;B;"Representa uma cena cotidiana de carreteiros gaúchos, onde é possível ver
homens sentados em roda, tomando chimarrão, próximos a uma fogueira e
rodeados por animais e paisagem regional.";381
1403;5;C;"Faz parte do conjunto de obras que corroboram para a construção de
determinada identidade visual do nativo do Rio Grande do Sul, processo que se
iniciou na elaboração da imagem do gaúcho.";381
1404;0;D;"É uma das obras mais expressivas do artista por apresentar uma prática que se
tornou indicativa da identidade gaúcha, a roda de chimarrão, e por sua paisagem
singular, diferente daquelas que aparecem em outras obras de Weingärtner.";381
1405;5;A;O diálogo, enquanto gênero textual, remonta à antiguidade clássica e a filósofos como Platão, assinalando preocupações pedagógicas.;382
1406;0;B;A comparação das índias com Diana e suas ninfas comprova a influência da mitologia greco-romana sobre os hábitos indígenas.;382
1407;1;C;Brandônio descreve o sertão como lugar do gentio bravio e propenso a guerras, mas, ao mesmo tempo, espaço de promessa de riquezas.;382
1408;4;D;Nos Diálogos, a presença indígena aparece como um empecilho à colonização e à ocupação territorial.;382
1409;0;A;O conjunto das charges demonstra a inflexibilidade de professores, alunos e imprensa no tocante ao projeto de reorganização escolar.;383
1410;5;B;O periódico paranaense repercutiu a proclamada reforma educacional como um ataque à instrução pública.;383
1411;4;C;As charges cumprem sua função como gênero textual, realizando uma sátira em tom burlesco e caricatural.;383
1412;1;D;O primeiro desenho indica uma relação direta entre os cofres públicos e o físico debilitado do professor.;383
1413;5;A;A prática musical era um expediente utilizado pelos jesuítas na conversão dos gentios, o que justifica a presença de instrumentos no inventário.;384
1414;1;B;O documento 1 é um inventário de sequestro dos bens do aldeamento jesuítico de Embu – SP, que lista instrumentos musicais.;384
1415;0;C;A presença de “saiotes e outros enfeites” sugere que os instrumentos eram utilizados na atuação jesuítica junto às mulheres Guarani.;384
1416;4;D;“Papéis de solfa” era a denominação dada a partituras musicais destinadas ao ensino do solfejo.;384
1417;1;A;Os documentos se referem à Companhia Negra de Revistas e à peça teatral “Tudo Preto”, de autoria de De Chocolat.;385
1418;4;B;Conforme o pesquisador, a peça, ao abordar o tema da mestiçagem, teve diferentes recepções e efeitos sobre seu público.;385
1419;0;C;O teatro de revista, com peças cômicas e festivas, não era o veículo apropriado para abordar temas raciais.;385
1420;5;D;Nas falas dos personagens da peça, há uma valorização ao elemento negro que utiliza brincadeiras e críticas recorrentes.;385
1421;4;A;Manoel Rebelo e Sousa pintou a abóboda da capela-mor da Igreja de Santa Efigênia, onde há um papa negro com barrete frígio.;386
1422;5;B;Lendária ou não, a figura de Chico Rei representa a identidade de determinado grupo e sua resistência à escravidão.;386
1423;1;C;O texto descreve os percursos e os métodos utilizados pelo pesquisador para propor uma nova leitura à imagem de Rugendas.;386
1424;0;D;A prancha de Rugendas potencializa elementos da cultura africana e omite sinais do catolicismo colonizador.;386
1425;0;A;A criação do Museu Real compõe uma política de acesso à educação e reafirma o caráter de “monarca esclarecido” de D. João VI.;387
1426;4;B;A palavra “riqueza” representa não apenas recursos econômicos, mas o potencial científico necessário para ser considerado civilizado.;387
1427;5;C;O documento atesta a indissociabilidade entre saber e poder, colocando a produção de conhecimento em relação instrumental com o poder político.;387
1428;1;D;Trata-se de um ato normativo que demonstra a estratégia de criar instituições científicas semelhantes às europeias na nova Corte.;387
1429;1;A;A fotografia da ganhadora dos prêmios Nobel oferece pistas sobre os hábitos do período no cenário nacional.;388
1430;0;B;A visita de Marie Curie ao Brasil não teve repercussão na imprensa, pois outros cientistas homens despertavam maior interesse.;388
1431;4;C;A FBPF, fundada por Bertha Lutz, defendia a educação e a profissionalização das mulheres brasileiras.;388
1432;5;D;A carência da atuação feminina na ciência pode ser compreendida enquanto desigualdade nas relações de gênero.;388
1433;4;A;O entrevistado explora as relações entre produção cultural e política, questionando o projeto modernista conservador.;389
1434;5;B;Como fonte historiográfica, permite compreender também o olhar do entrevistador ao conduzir o diálogo.;389
1435;0;C;Carlos Berriel atrela o privilégio racial ao desenvolvimento de sociedades hegemônicas e livres de corrupção.;389
1436;1;D;Apresenta o livro Tietê, Tejo e Sena, discutindo a compreensão do movimento modernista no Brasil.;389
1437;5;A;O governo brasileiro aprovou uma ley de pensão aos internados compulsoriamente, mas filhos separados exigem reparação semelhante.;390
1438;0;B;O uso da palavra “lepra” foi proibido em 1995, ajudando a reintegrar os doentes na sociedade.;390
1439;1;C;As lembranças, a Lei de 1949 e o texto acadêmico possibilitam entender como eram tratados os portadores e seus filhos.;390
1440;4;D;No Brasil, a internação compulsória em Asilos-colônia e de seus filhos em Preventórios fortaleceu o estigma da doença.;390
1441;0;A;Devido ao terror imposto pelo Estado, os guerrilheiros não tiveram apoio da população local.;391
1442;1;B;Ambos os documentos focalizam o medo da comunidade local frente aos desdobramentos da guerrilha.;391
1443;4;C;Os termos “esse povo” e “povo da mata” remetem aos guerrilheiros instalados na região.;391
1444;5;D;O acesso à história da Guerrilha foi dificultado por ações do Regime Militar para definir a memória nacional.;391
1445;1;A;Descreve a chegada de novos moradores na favela do Canindé e a situação de precariedade social que os aguardava.;393
1446;4;B;As metáforas dos desempregados como corvos e da cidade como sala de visitas dão o tom lírico e revelam uma estética “marginal”.;393
1447;0;C;O movimento da contracultura no Brasil foi responsável pelas poucas importância e circulação da obra na década de 1960.;393
1448;5;D;A metáfora do quarto de despejo remete a um lugar que abriga os elementos indesejáveis que não se quer visíveis na sala de visitas.;393
1449;0;A;O degredo era uma forma de punição utilizada pela Coroa no período colonial, na qual indivíduos ou grupos eram expulsos dos domínios.;394
1450;4;B;A maneira pela qual a Coroa enxergava os ciganos contribuiu para a consolidação de um estereótipo que ainda gera preconceito.;394
1451;1;C;A pena para aqueles que descumprissem as ordens era a de ser degredado do Brasil para a Ilha de São Tomé por toda a vida.;394
1452;5;D;A obrigatoriedade de os meninos aprenderem ofícios está ligada às intenções de apagar os costumes e hábitos culturais dos ciganos.;394
1453;1;A;O trabalho de menores era largamente utilizado pelos donos de fábricas, que por vezes não toleravam operários doentes.;395
1454;5;B;A luta operária e as arbitrariedades forçaram o Estado a produzir leis que regulassem as relações de trabalho.;395
1455;0;C;Os direitos estabelecidos pela CLT foram desrespeitados por donos de fábrica desde a abolição da escravidão.;395
1456;4;D;Os jornais operários denunciavam abusos cometidos por donos de fábricas nas primeiras décadas do século XX.;395
1457;5;A;Numa tentativa de síntese que vem do Colônia à ditadura, a canção reitera a ideia de três raças na formação do Brasil.;396
1458;0;B;A Inconfidência Mineira é citada por ter como uma de suas bandeiras a abolição da escravidão no território brasileiro.;396
1459;4;C;A canção, composta como samba-enredo a partir de um poema de Paulo César Pinheiro, foi gravada por Clara Nunes.;396
1460;1;D;Para o autor da letra, o “canto brasileiro” é um lamento dos sofrimentos de índios, escravos, inconfidentes e trabalhadores.;396
1461;4;A;Apesar da organização dos mineiros de carvão, outros setores como o têxtil tiveram significativa representatividade sindical.;397
1462;1;B;Trata-se de um informativo escrito pelo sindicato da indústria do vestuário de Criciúma e dirigido aos trabalhadores do setor.;397
1463;5;C;A expressão “Dar pano pra a manga” alertava os patrões que os trabalhadores estavam preparados para reivindicações.;397
1464;0;D;O baixo custo da venda do informativo garantiu ao sindicato dos vestuaristas a sua manutenção.;397
1465;4;A;Os Códigos de Posturas tinham por objetivo legislar sobre o espaço urbano, com regras de comportamento e convívio.;398
1466;0;B;O atestado de óbito de Antônia foi emitido pela Diretoria de Higiene mediante a punição de Zenon, enquadrado como curandeiro.;398
1467;5;C;O embate demonstra os esforços para deslegitimar, por meio de um discurso médico, outros tipos de saberes como a homeopatia.;398
1468;1;D;O Código de Posturas Municipais de 1928 proibia a prática do “curandeirismo” em Rio Branco, prevendo multa.;398
1469;5;A;As pêssankas eram um costume pagão incorporado pelo cristianismo, que dotou de novos significados uma arte tradicional.;399
1470;1;B;Os ovos pintados trazem desenhos e cores que simbolizam as forças da Natureza e qualidades humanas.;399
1471;0;C;Apesar das qualidades estéticas, as pêssankas não fazem parte do artesanato e da história do Brasil.;399
1472;4;D;A imigração ucraniana para o Brasil ocorreu no final do século XIX principalmente para o Paraná.;399
1473;1;A;"O primeiro é um decreto oficial sobre alteração de nomes de escolas; o segundo é uma reportagem que utiliza o decreto como fonte.";400
1474;5;B;Pela alteração dos nomes, o decreto seleciona quais personalidades devem integrar a memória e quais devem ser esquecidas.;400
1475;4;C;Dos 217 municípios do Maranhão, apenas 30 foram atingidos e foi na capital que ocorreu o maior número de alterações.;400
1476;0;D;Por ser um decreto, o texto não precisou ser votado na Assembleia Estadual do Maranhão, tornando-o inválido.;400
1477;0;A;O sucesso obtido com a extração do ouro permitiu que a região crescesse econômica e socialmente, tornando-se rica.;401
1478;4;B;A Serra Pelada foi considerada em 1980 o maior garimpo a céu aberto do mundo e explorada por grandes companhias.;401
1479;1;C;Trata-se de um registro de dezenas de pessoas que se movimentam por uma escada rudimentar carregando sacos.;401
1480;5;D;O ângulo escolhido pelo fotógrafo atesta e reforça a ideia de trabalho predatório e desumanizado.;401
1481;4;A;Para atender à agroindústria, a região centro-oeste tem investido em hidrelétricas que causam impactos no cerrado.;402
1482;0;B;As epidemias de febre amarela e dengue ajudaram a moldar Goiânia como uma fronteira cultural que dispersa transeuntes.;402
1483;5;C;O combate ao Aedes Aegypti tem sido focado na ação pessoal e pouco em aspectos como impacto ambiental de grandes obras.;402
1484;1;D;Epidemias recentes de febre amarela e dengue na região podem ser vinculadas aos impactos causados pela construção de barragens.;402
1485;5;A;A manipulação da opinião pública visando interesses privados não foi uma ação estritamente circunscrita ao período Vargas.;403
1486;1;B;No trecho, o autor mostra como a imprensa era utilizada para manipular a opinião pública na Era Vargas.;403
1487;4;C;O órgão responsável pela propaganda e promoção do chefe de estado no período era o DIP.;403
1488;0;D;A formação da opinião pública passou a ser punida com a Lei da Liberdade de Imprensa de 1953.;403
1489;5;A;Exemplos dentro e fora do Brasil mostram que governos tendem a interferir nos currículos escolares com o intuito de controlar a formação do pensamento crítico.;405
1490;1;B;No primeiro quadro fica evidente que a disciplina de História foi retirada do currículo obrigatório. O segundo quadro, publicado uma semana depois, devolve a possibilidade de História ser uma das disciplinas obrigatórias a serem definidas pela BNCC.;405
1491;4;C;A publicação das informações por meio de twitter oficial indica uma estratégia de fazer circular, nas redes sociais e visando um público jovem, uma informação resumida e imediata.;405
1492;0;D;As mudanças são um grande avanço para o Ensino Médio, e a rapidez para sua aprovação se deu atendendo ao clamor dos alunos que ocuparam as escolas pelo país.;405
1493;1;A;A história dos escravos africanos e seus descendentes no Brasil deve ser observada para além de estereótipos reforçados pelo senso comum.;406
1494;4;B;A figura de “Pai João” é encontrada em poesias e nas obras de folcloristas entre o fim do século XIX e meados do século XX, sempre descrito como o bom escravo, o preto velho sábio e submisso.;406
1495;5;C;Sozinhos, os conceitos de rebelião, submissão e paternalismo não dão conta de explicar a manutenção das relações de poder em uma sociedade tão desigual.;406
1496;0;D;Há na historiografia uma busca por novas leituras da atuação dos escravos baseada na anomia escrava.;406
1497;1;A;Os traços do pintor retratam o esforço coletivo dos homens e a simplicidade da embarcação.;407
1498;5;B;Raymundo Cela, em sua obra, retratou os jangadeiros cearenses, trazendo a representação do homem sertanejo que migrou para a realidade do litoral.;407
1499;0;C;A obra corrobora a afirmativa de Euclides da Cunha em Os Sertões de que “O sertanejo é, antes de tudo, um forte. Não tem o raquitismo exaustivo dos mestiços neurastênicos do litoral”.;407
1500;4;D;A jangada de troncos era bastante comum na atividade de pesca no litoral cearense àquela época.;407
1501;4;A;O fotógrafo havia trabalhado com o cineasta americano Orson Welles para produzir o documentário “É tudo verdade” nos anos 1940, o qual retratava a vida de quatro jangadeiros que haviam viajaram à capital federal.;408
1502;0;B;O fotógrafo buscou a aceitação comercial por parte do público plagiando, por meio de suas lentes, o quadro já célebre.;408
1503;5;C;A repetição das formas, do enfoque e dos motivos no quadro e na fotografia faz parte da construção de uma imagem sobre o jangadeiro cearense como um homem forte.;408
1504;1;D;Chico Albuquerque, por meio de outra linguagem visual – a fotografia –, também registra o trabalho e os corpos dos jangadeiros cearenses.;408
1505;0;A;O registro de marcas da oralidade na grafia de palavras em textos e documentos constitui um empecilho para os pesquisadores que mapeiam as transformações da língua portuguesa.;409
1506;4;B;"Pode-se destacar como exemplo de transformação da língua portuguesa ao longo do tempo o caso do pronome você, redução de vossa mercê e de vosmecê, transformado hoje no coloquial ""você"" (ou ""cê"").";409
1507;1;C;"O texto indica que a pronúncia do ""R caipira"" não é uma exclusividade do interior paulista, sendo encontrado também em regiões do Mato Grosso, Mato Grosso do Sul e Minas Gerais.";409
1508;5;D;Variações na grafia e pronúncia de palavras ao longo do tempo são promovidas pela circulação de pessoas e culturas, comprovando que a língua está em constante transformação.;409
1509;5;A;A arqueologia amplia o conhecimento sobre os africanos escravizados e seus descendentes, em especial nas sociedades onde há escassez de fontes escritas produzidas pelos escravos sobre sua vida cotidiana.;410
1510;0;B;A arqueologia escrava ou arqueologia da diáspora desvirtua o sentido do trabalho dos arqueólogos, que é estudar as populações pré-históricas de origem indígena.;410
1511;1;C;A arqueologia analisa os vestígios materiais deixados pelo homem e, a partir destes, investigiga hipóteses sobre as relações sociais, os usos e costumes do passado e do presente.;410
1512;4;D;A zooarqueologia, que se liga à arqueologia, mas também à biologia, estuda vestígios de origem animal em sítios com presença humana e possibilita, por exemplo, entender hábitos alimentares e sociais das comunidades estudadas.;410
1513;0;A;O relato narra a queima de uma casa e dos restos mortais de um antepassado dos indígenas como forma de estancar a propagação de doenças na aldeia outrora muito povoada.;411
1514;5;B;A presença do corpo de um dos antepassados dos tapajós indica a preservação de símbolos, rituais e crenças indígenas no espaço do aldeamento jesuítico.;411
1515;4;C;A atuação dos missionários se dava por várias formas, inclusive com ataques reais e simbólicos às crenças nativas.;411
1516;1;D;O relato expressa a satisfação do missionário com a queima da casa e dos restos mortais de um dos antepassados dos tapajós, que ele próprio não havia conseguido levar a cabo.;411
1517;4;A;A cidade de Santos era, na segunda metade do século XVI, um importante entreposto da colonização portuguesa, contando com uma alfândega, bem como com a presença de jesuítas e carmelitas, devotados à catequização dos indígenas e manutenção da polícia entre os europeus.;412
1518;1;B;Os corsários Knivet e Davies, durante o saque à cidade de Santos, foram agentes e testemunhas de diversas ações violentas dirigidas à população e às instalações presentes na região.;412
1519;5;C;A história da presença europeia no Brasil do século XVI deve ser compreendida a partir das relações ambíguas estabelecidas com as populações indígenas, as quais podiam aproveitar tensões e rivalidades para a consecução de objetivos econômicos e políticos.;412
1520;0;D;A expedição da qual participavam Knivet e Davies tinha como objetivo resgatar os habitantes da cidade de Santos da violência praticada pelas populações indígenas da região.;412
1521;1;A;Sua construção baseia-se em um polígono com baluartes em forma de flechas.;413
1522;0;B;O tombamento da fortaleza como patrimônio histórico brasileiro foi negado porque seu projeto arquitetônico é de origem europeia.;413
1523;4;C;É um exemplo de edificação do período colonial que revela estratégias de ocupação e defesa do território brasileiro.;413
1524;5;D;Hoje ponto turístico situado às margens do Rio Amazonas, é exemplo de como o passado colonial é incorporado ao contemporâneo.;413
1525;4;A;Nos dois textos, os pais não acreditavam que veriam um futuro melhor e pedem aos seus filhos que resistam, não esqueçam do que era viver com medo e que mudem o futuro para as gerações futuras.;414
1526;1;B;Trata-se de uma canção e de um poema, nos quais pais falam aos seus filhos sobre a dor de seu tempo.;414
1527;0;C;Os documentos denunciam a destruição ecológica promovida pela ditadura militar, em que o crescimento industrial acelerado, proporcionado pelo Milagre Econômico, poluía o meio-ambiente de forma descontrolada.;414
1528;5;D;Há uma desesperança que permeia os dois textos sobre o presente e o futuro dos filhos em um período em que a repressão e o medo eram diários, em um contexto de censura, desaparecimentos e tortura.;414
1529;1;A;Leonardo Sakamoto e Silvio Oksman reconhecem outras histórias associadas aos bandeirantes e propõem formas diferentes de lidar com os símbolos. Em comum, mostram-se pouco desconfortáveis com as tintas.;416
1530;5;B;"A celebração do passado por meio da construção de monumentos é uma prática recorrente nas sociedades e podem resultar no surgimento de ""lugares de memória"" que estão sujeitos a alterações ao longo do tempo.";416
1531;4;C;O debate político sobre pichações e arte protagonizado por Marta Suplicy e João Doria, e inclusive seus desdobramentos, torna evidente o desconforto de partes da sociedade com as formas de apropriação e demarcação do espaço urbano.;416
1532;0;D;Esses monumentos são esculturas elaboradas a partir dos referenciais clássicos de representação do corpo humano, característica notada na proporção renascentista entre as partes que compõem os corpos.;416
1533;5;A;A relação entre indígenas e civilizados se dá na perspectiva de ambas as culturas, pois os índios também aplicam seus interesses e constroem significados durante esse contato.;417
1534;1;B;As marcas de um estudo acadêmico definem o texto, como a citação a pesquisas anteriores e a diferenciação entre nomes atribuídos popularmente aos povos indígenas e seus equivalentes oficiais.;417
1535;0;C;Curt Unckel incorporou o nome, os costumes e as crenças dos povos Timbira, inaugurando uma prática que então ficou comum entre antropólogos de todo o mundo, de viverem por um período imersos junto aos povos que estudam.;417
1536;4;D;O pesquisador questiona o casamento como referência cultural universal, indicando que essa não seria uma premissa indígena.;417
1537;4;A;Carmem Portinho concluiu o curso de Engenharia Civil pela Escola Politécnica do Rio de Janeiro, em 1926, sendo uma das primeiras mulheres a se formar na área e criou a Escola Superior de Desenho Industrial (ESDI).;418
1538;5;B;O não reconhecimento da atuação de mulheres nas áreas de arquitetura e engenharia (por exemplo com a quase inexistência de prêmios ou homenagens), continua a ser uma prática também nos dias atuais, reforçando preconceitos de gênero.;418
1539;1;C;A União Universitária Feminina, fundada a partir da atuação de mulheres que se destacavam intelectual e politicamente no período, como Carmem Portinho e Bertha Lutz, tinha como objetivo incentivar e apoiar o ingresso de mulheres no ensino superior.;418
1540;0;D;Ao afirmar que não sofria preconceito na Escola Politécnica, a engenheira desmistifica a dominação masculina nos ambientes de ensino na primeira metade do século XX no país.;418
1541;1;A;São apresentações de manuais de História do Brasil escritas pelos autores Afrânio Peixoto e José Francisco da Rocha Pombo.;419
1542;0;B;Foram escritos por autores renomados, que alcançaram reconhecimento por fundarem a primeira universidade do Paraná.;419
1543;4;C;Destacam o civismo e o patriotismo como elementos fundamentais para a construção de um futuro para a jovem república brasileira.;419
1544;5;D;Sintetizam a importância do ensino de uma história pátria para a formação de um sentimento de pertencimento à nação, típico daquele momento.;419
1545;5;A;A relação de dominação metrópole-colônia não significou a impossibilidade de criação cultural local.;420
1546;1;B;A vida cultural na região de exploração das minas no século XVIII era regrada pela metrópole portuguesa.;420
1547;0;C;O ritmo agitado da Missa em Fá Maior de Lobo Mesquita indica a efervescência da vida urbana das Minas Gerais no século XVIII.;420
1548;4;D;A celebração das missas em datas específicas coincidia com a oportunidade para apreciação de peças musicais.;420
1549;4;A;O castigo físico em público era parte do processo disciplinador de escravos e era empregado para afirmar a autoridade dos senhores.;421
1550;0;B;Por meio do personagem Prudêncio, o autor expressa a maldade inerente aos escravizados mesmo após a conquista da liberdade.;421
1551;5;C;A atitude de Prudêncio evidencia relações sociais do Brasil Império, como a desejada submissão de escravos aos seus senhores e de libertos aos seus patronos.;421
1552;1;D;Brás Cubas é um defunto narrador que recupera suas memórias, buscando apresentar ao leitor sua trajetória de vida.;421
1553;1;A;O mapa enfatiza as colônias portuguesas de além-mar e suas áreas de navegação, inclusive o território que depois se tornaria o Brasil, descoberto em 1500.;422
1554;0;B;Dada a escassez de conhecimento sobre os territórios do mundo, os mapas eram compartilhados entre diferentes nações, a exemplo desse Planisfério que foi cedido pelo governo português ao italiano Alberto Cantino.;422
1555;4;C;O Planisfério é a mais antiga representação cartográfica ainda existente do território do atual Brasil, então pouco conhecido pelos europeus, e traz representações de sua fauna e flora.;422
1556;5;D;No Planisfério de Cantino, além das orientações geográficas, linhas de trópicos e linha do Equador, é possível observar a cartografia política como, por exemplo, a linha azul que passa sobre o continente americano e representa o Tratado de Tordesilhas (1494).;422
1557;5;A;Traz um alerta às leitoras sobre os perigos que as práticas cotidianas e corriqueiras podem representar no interior de uma sociedade marcada pelo domínio masculino.;423
1558;1;B;Descreve algumas modificações na forma de se lacrar as correspondências ao longo do tempo, destacando práticas que foram sendo abandonadas.;423
1559;0;C;Traz um elogio aos avanços nas formas de se lidar com a correspondência, especialmente pela substituição de obreias por goma arábica, garantindo maior segurança nas trocas de missivas.;423
1560;4;D;Demonstra como as cores das fitas utilizadas permitiam identificar imediatamente o tipo de carta o que, dependendo de seu conteúdo, colocava em risco tanto o remetente quanto o destinatário.;423
1561;1;A;Trata-se de um artigo publicado, em 1888, num periódico direcionado às mulheres da província do Alagoas.;424
1562;4;B;"Ignez Sabino Pinho Maia, escritora baiana, é autora do romance ""Lutas do Coração"", além de poesias e dezenas de artigos para periódicos.";424
1563;5;C;A prática de escrever e fundar jornais femininos era bastante comum no século XIX, tendo como uma das prerrogativas a emancipação feminina.;424
1564;0;D;Ignez Sabino destaca-se por sua luta contra a marginalização feminina no âmbito da política e por direitos igualitários entre homens e mulheres, posicionando-se contra o casamento.;424
1565;0;A;Ao enfatizar personagens históricos como escravos ou operários a história torna-se parcial e se afasta dos ideais de democracia.;425
1566;4;B;"O livro ""1930 - O Silêncio dos Vencidos"", propunha uma nova cronologia dos acontecimentos históricos a partir do ponto de vista dos vencidos, ou seja, dos silenciados.";425
1567;5;C;Questionar uma história narrada a partir da perspectiva dos vencedores implica também desafiar usos políticos que os regimes de exceção fazem da história.;425
1568;1;D;Numa narrativa sobre si mesmo, o historiador mostra como sua obra parte de suas leituras, formação e escolhas, num contexto nacional mas também internacional.;425
1569;5;A;Para os compositores, desigualdades e racismo são incompatíveis com a cidadania...;427
1570;1;B;A canção relaciona a pobreza ao racismo. Brancos pobres são tratados como pretos...;427
1571;0;C;A canção remete à imigração em massa de haitianos para o Brasil...;427
1572;4;D;A canção menciona o Haiti, aludindo à revolta escrava...;427
1573;4;A;Artefato existente desde a Idade Média... a Roda dos Expostos deixava para a caridade...;428
1574;0;B;Era comum que meninas enjeitadas encontrassem proteção...;428
1575;5;C;A existência da Roda até o séc. XX indica a permanência das relações patriarcais...;428
1576;1;D;O bilhete denota que desejava-se manter algum vínculo com a criança...;428
1577;1;A;Predominam na composição simetrias e linhas bem definidas.;429
1578;5;B;A obra traz elementos do ciclo da vida em uma narrativa mítica sobre um nordeste fantástico.;429
1579;4;C;A literatura de cordel é um importante referencial estético.;429
1580;0;D;Os traços grosseiros indicam baixo desenvolvimento formal.;429
1581;0;A;A existência de traços culturais comuns permite a percepção de uma unidade cultural no continente...;430
1582;4;B;O trauma da escravidão permite a percepção de traços partilhados entre os grupos bantu...;430
1583;1;C;Os grupos kikongo, kimbundu e umbundu pertencem à família bantu...;430
1584;5;D;O protagonismo dos africanos precede o discurso científico do séc. XIX.;430
1585;1;A;Os documentos se relacionam à Reforma do Ensino do Regime Militar.;431
1586;4;B;A presença de princípios militares buscava controlar a moral social dos cidadãos.;431
1587;5;C;A reforma educacional visava a legitimação do governo autoritário.;431
1588;0;D;A defesa de uma consciência cívica esteve vinculada à valorização da disciplina de História.;431
1589;4;A;Defende uma história a partir dos pontos de vista indígenas...;432
1590;1;B;Indica a importância da pluralidade da história indígena...;432
1591;0;C;Propõe uma história indígena em oposição à história dos índios no Brasil...;432
1592;5;D;Critica a história como única forma de conhecimento e o documento escrito como testemunho privilegiado.;432
1593;5;A;Era uma torcida irreverente que surgiu de uma boate gay e buscava romper com o machismo.;433
1594;0;B;Surgiu para afrontar equipes rivais e testar a censura.;433
1595;1;C;Era conhecida como “pé quente”, animando torcedores com marchinhas.;433
1596;4;D;Motivou a criação de outras torcidas gays como Interflowers e Flu-Gay.;433
1597;1;A;O caráter descritivo é um traço comum a todos.;434
1598;4;B;A alimentação é um ponto de grande importância nos relatos...;434
1599;0;C;O esforço descritivo indica como estrangeiros se deixaram fascinar pela sensualidade.;434
1600;5;D;Os autores lançam mão das sensibilidades (aromas, texturas) para possibilitar a compreensão europeia.;434
1601;4;A;Com a exigência do registro, terras de pequenos lavradores poderiam ser empecilhos para fazendeiros.;435
1602;5;B;Registrar ou não a terra era uma decisão difícil ligada a relações pessoais.;435
1603;0;C;O registro modificou a tradição fundiária dando privilégio aos grandes senhores.;435
1604;1;D;A Lei trazia uma brecha que impedia que o registro, por si só, bastasse para reconhecer a posse.;435
1605;0;A;A CLT foi apressadamente elaborada e imposta por Vargas.;436
1606;1;B;A entrevistada apresenta percepção sobre condições de trabalho e cotidiano na Fábrica Confiança.;436
1607;5;C;Pode-se inferir que existia a consciência da desigualdade das relações entre patrões e empregados.;436
1608;4;D;A CLT estabelecia novos direitos como o descanso semanal remunerado.;436
1609;1;A;A reportagem confirma o papel estratégico dos diplomatas.;437
1610;5;B;A homenagem póstuma mostra que atos condenados em uma época podem ser reavaliados em outra.;437
1611;4;C;A política de Vargas está em contradição com a imagem mítica do Brasil acolhedor.;437
1612;0;D;A fraude de vistos por Souza Dantas e Aracy Rosa é interpretada como crime.;437
1613;5;A;O efeito de humor dos memes vem da combinação de elementos da cultura popular contemporânea e ideias do senso comum sobre o conhecimento histórico.;439
1614;1;B;Ao afirmar que Portugal não é um país repleto de favelas, o meme português mostra uma interpretação preconcuituosa dos problemas sociais brasileiros.;439
1615;4;C;Os memes são exemplos de um tipo de humor efêmero que revela também a capacidade de ágil mobilização das redes sociais.;439
1616;0;D;Os memes indicam a falta de diversidade de correntes historiográficas que interpretem o passado colonial brasileiro.;439
1617;1;A;As fotografias apresentam o laboratório, a fermentação do vinho, o processo de limpeza manual de garrafas e a colocação de rótulos, todos relacionados à atividade da fábrica Tito Silva.;440
1618;5;B;As fotografias indicam o que o IPHAN avaliou no processo de tombamento da fábrica: a arquitetura, as máquinas, os equipamentos e a técnica.;440
1619;0;C;A segunda fotografia, ao mostrar o operário com uma garrafa vazia, reconhece de forma velada que o trabalhador é ao mesmo tempo produtor e consumidor do vinho de caju.;440
1620;4;D;A fábrica Tito Silva é considerada a mais antiga a produzir vinho de caju de maneira não-artesanal no território brasileiro, tendo distribuído sua produção não apenas no nordeste do país, mas também em outras partes do território brasileiro, nos EUA e na Europa.;440
1621;0;A;A Lei Falcão fazia parte do Pacote de Abril, conjunto de leis que determinou, entre outras medidas, a alteração das regras para o pleito de 1978. De acordo com essa lei, os senadores não seriam escolhidos por voto direto, mas por um colégio eleitoral. Dessa lei surgiu o termo “Senador Biônico”.;441
1622;5;B;O projeto Henfil fez parte de uma série de crônicas e cartuns publicadas semanalmente por Henfil na Revista Isto É, entre os anos de 1977-1980. Em pleno processo de abertura política, o autor fazia uso do humor para apresentar um retrato crítico do panorama social e político do Brasil dos anos 1970.;441
1623;1;C;Redigido por Henrique de Souza Filho, trata-se de uma proposta humorística de projeto de lei, que divide o país em dois territórios: Brasil Democrático e Brasil Biônico. O projeto compreende artigos específicos para cada um deles.;441
1624;4;D;"O termo “biônico” se tornou bastante popular no Brasil através de uma série de TV norte americana dos anos 1970, ""Cyborg, o homem de seis milhões de dólares"" na qual o personagem principal, após um grave acidente, recebia implantes cibernéticos que lhe davam capacidades sobre-humanas.";441
1625;4;A;De um lado da placa vê-se o então ex-presidente norte-americano, Theodore Roosevelt e, do outro, o explorador e militar Cândido Rondon.;442
1626;0;B;Patrocinada pelos Estados Unidos, a expedição foi idealizada pelo presidente Woodrow Wilson como parte da política de Boa Vizinhança, que pautava as relações internacionais norte-americanas no período.;442
1627;1;C;A fotografia traz um grupo de homens fardados, ao ar livre, tendo a floresta ao fundo e posando ao lado de um marco territorial.;442
1628;5;D;A renomeação de um rio em território brasileiro com o nome do estadunidense Roosevelt é politicamente simbólica e de caráter oficial.;442
1629;0;A;Eram estabelecimentos leigos voltados à reeducação de mulheres com problemas disciplinares que impossibilitavam a vida em sociedade.;443
1630;4;B;O seu público alvo eram mulheres de famílias abastadas da colônia, que podiam inclusive levar escravas que as servissem.;443
1631;5;C;As mulheres buscavam oportunidades para auto-regularem suas vidas, tanto pelo acesso à educação quanto pela sociabilidade ali encontrada.;443
1632;1;D;Elas funcionavam com certa autonomia frente às ordens pastorais, tanto no que diz respeito à condução administrativa quanto às práticas corriqueiras das enclausuradas.;443
1633;1;A;O freio de ar é uma referência metafórica que manda calar a crítica social contida no poema, enquanto que as aliterações e onomatopeias sugerem o ruído produzido pelo movimento do trem.;444
1634;0;B;O poema é uma referência a “Trem de Ferro”, de Manuel Bandeira. Assim como Bandeira, Solano se refere à crueza da vida na periferia do Rio de Janeiro de seu tempo.;444
1635;4;C;Solano foi o fundador do Teatro Popular Brasileiro (1950), em parceria com Edison Carneiro. O elenco era formado por operários, domésticas, comerciários e estudantes, e os espetáculos eram adaptações teatrais de músicas e danças da cultura popular afro-brasileira e indígena.;444
1636;5;D;Por causa desse poema, Solano Trindade foi preso e teve seu livro “Poemas de uma vida simples” apreendido, em 1944, por ser considerado subversivo. Musicado por João Ricardo, do Secos & Molhados, em 1975, o poema foi novamente censurado.;444
1637;5;A;Embora o Bembé tenha surgido como comemoração do primeiro aniversário da Abolição, ao longo do tempo passou a ser também associado à fartura da pesca.;445
1638;1;B;Bembé do Mercado é uma festa popular religiosa de origem afro brasileira, realizada em Santo Amaro da Purificação, na Bahia, e que comemora, desde 1889, a Abolição da Escravidão.;445
1639;0;C;O presente para a mãe d’água surgiu da comemoração do aniversário da Abolição, realizado pela primeira vez no ano de 1889.;445
1640;4;D;Ao falar sobre o Bembé do Mercado, o depoimento de Nicinha do Samba revela o caráter pessoal, fragmentário e multifacetado da memória a respeito de um determinado evento ou prática social.;445
1641;1;A;A análise do historiador está pautada tanto por documentos antigos quanto do presente, de modo a erigir uma problemática histórica que nos atinge diretamente.;446
1642;4;B;Ao citar a situação específica do lixo no Brasil, o historiador insere nosso país numa crise ambiental internacional da atualidade.;446
1643;5;C;Os vários exemplos utilizados no texto revelam que o desenvolvimento de novas tecnologias não implica necessariamente uma melhoria da qualidade de vida das pessoas.;446
1644;0;D;Para falar do colapso ambiental o historiador da arte teve que abandonar o campo da história e o conceito de processo histórico.;446
1645;4;A;A reforma do Código Penal proposta por Lemos Britto não foi realizada, sendo que o código de 1890 vigorou até 1940.;447
1646;5;B;Mudanças nos comportamentos individuais e coletivos tornam necessária a revisão e alteração das leis.;447
1647;0;C;As colônias-modelo indicadas por Lemos Britto são instituições para aqueles que possuíam moléstias mentais e nervosas.;447
1648;1;D;O relatório elaborado no começo do século XX apresenta propostas para a reforma do Código Penal brasileiro de 1890 e do sistema penitenciário.;447
1649;0;A;A primeira colônia de chineses no Brasil foi fundada em 1870, por Manoel José da Costa Lima Vianna e João Antonio de Miranda e Silva, que por meio de um decreto garantiram o direito de monopólio sobre a vinda de asiáticos optando, poucos anos depois, pelo investimento na vinda de japoneses no lugar de chineses.;448
1650;1;B;Angelo Agostini nesta imagem faz uma crítica à tentativa de utilizar asiáticos, mais especificamente os chamados “chins”, como mão de obra nas fazendas, colocando “pretos e amarellos” em posição de equivalência, desqualificando-os.;448
1651;4;C;"A imigração asiática dividiu opiniões entre as décadas de 1870-80: por um lado, argumentos reforçavam o baixo custo dos trabalhadores chineses e suas boas capacidades técnicas; por outro, temia-se a substituição da escravidão africana pela asiática e a ""mongolização"" da população brasileira.";448
1652;5;D;Os debates acerca da imigração asiática passam não apenas pelas questões da mão de obra e do trabalho escravo, mas também pela discussão sobre o tipo ideal de imigrante e seu impacto na consolidação da identidade nacional brasileira.;448
1653;5;A;A LDB começou a tramitar em 1988 e, seguindo o processo legislativo normal, foi sancionada após oito anos de debate que envolvia especialistas e setores da sociedade. Em contraste, a redação atual foi imposta por Medida Provisória e sancionada em apenas quatro meses.;449
1654;4;B;Na redação de 1996, há uma preocupação com a formação humanística do estudante, enquanto na de 2017 o currículo é apresentado em itens genéricos.;449
1655;1;C;Há percepções distintas acerca dos conteúdos a serem estudados no Ensino Médio, sendo que a redação de 2017 retira a obrigatoriedade expressa do ensino de história.;449
1656;0;D;A alteração de 2017, ao criar os itinerários formativos específicos, garante que os estudantes tenham uma formação mais ampla em todas as áreas.;449
1657;5;A;A canção mostra como a união das forças de diferentes agentes sociais pode ser a base para uma revolução que modifique os rumos de um país.;452
1658;0;B;Na peça original dos Irmãos Grimm havia um galo, transformado em galinha em Os Saltimbancos, para representar exclusivamente as reivindicações feministas.;452
1659;1;C;A letra versa sobre a união de diversas qualidades da gata, do cão, do jumento e da galinha.;452
1660;4;D;É uma das canções da peça Saltimbancos (1977), versão de Chico Buarque para a peça do italiano Sergio Bardotti e do argentino Luis Enríquez Bacalov, baseada em “Os músicos de Bremen”, dos Irmãos Grimm.;452
1661;1;A;A letra conta a história de uma galinha que, depois de colocar muitos ovos durante sua vida, vê-se ameaçada com a morte.;453
1662;0;B;Produzida em 1977 e mesmo tendo sido criada para ser cantada em um musical infantil, a canção foi vetada pela censura.;453
1663;5;C;A canção é uma metáfora sobre a exploração da classe trabalhadora e sua luta por direitos - como, por exemplo, a aposentadoria.;453
1664;4;D;Na canção, o “patrão” da galinha, apenas interessado em sua produção, não admite que ela se “aposente” após uma vida de trabalho.;453
1665;0;A;A apropriação do mito de Branca Dias por diversos grupos acaba por comprometer que se conheça sua figura e sua trajetória de luta contra a imposição da fé católica.;454
1666;4;B;As várias narrativas em torno da personagem Branca Dias, intensificadas provavelmente por sua condição social, deixaram em segundo plano outras personagens femininas, como Guiomar Nunes.;454
1667;5;C;O deslocamento, tanto temporal quanto geográfico, das narrativas sobre Branca Dias demonstra como personagens podem ser compreendidos de acordo com as necessidades dos grupos que deles se apropriam.;454
1668;1;D;O artigo apresenta a trajetória de Branca Dias, cristã-nova, processada pela Inquisição em Portugal, sua vinda e vida na América Portuguesa e suas apropriações pela literatura, pela maçonaria e pela dramaturgia.;454
1669;0;A;Reconhece a aplicação das mesmas penalidades aos criminosos, independentemente de sua condição de livre ou de escravizado.;455
1670;4;B;Avançou na limitação do uso de formas violentas de punição, movimento iniciado com a Constituição de 1824, superando outras punições previstas nas Ordenações Filipinas (1603).;455
1671;1;C;Foi promulgado em 1830, respeitava a liturgia católica e identificava a pena de morte como a pena máxima possível no país.;455
1672;5;D;Opera de forma ambígua ao criar espaço para atuação autônoma do judiciário brasileiro e, ao mesmo tempo, garantir a interferência do imperador nos processos criminais.;455
1673;1;A;É uma propaganda da primeira metade do século XX que anuncia um remédio para indigestão.;456
1674;5;B;O elixir é um preparado farmacêutico com misturas orgânicas muito utilizado na medicina popular.;456
1675;4;C;O desenho, utilizado em outras propagandas do mesmo produto, sugere que é possível comer um boi sem passar mal.;456
1676;0;D;É um meme criado a partir de uma propaganda antiga fazendo alusão à ração de João Dória e ao lema “Não Temer” em crítica a Michel Temer.;456
1677;5;A;As fotos retratam cenas da vida social e cultural de habitantes de comunidades quilombolas situadas no estado do Amapá, explicitando a existência de elementos de origem cristã e de matriz africana.;457
1678;4;B;Nessas fotos de Maurício de Paiva - que trabalha em projetos que retratam diversos contextos sociais da região amazônica brasileira – as imagens desfocadas intensificam a sensação de movimento.;457
1679;0;C;As fotos fazem referência às tensões entre as tentativas de cristianização e a resistência das populações de origem africana nas comunidades quilombolas do Amapá.;457
1680;1;D;Pode-se afirmar que as imagens registram paisagens e práticas sociais, nas quais figuram indivíduos de diversas faixas etárias.;457
1681;1;A;Trata-se de uma lei que manda implementar o ensino de primeiras letras nos locais mais populosos, em todo o território do Império Brasileiro, assim como legisla sobre os conteúdos a serem ensinados e as formas de contratação e remuneração de professores.;458
1682;4;B;Observando a Constituição de 1824, que rezava que a instrução primária deveria ser gratuita, a Lei de 15 de outubro de 1827 é a primeira lei sobre a instrução pública nacional.;458
1683;5;C;Ratifica em forma de lei o direito feminino ao acesso formal à instrução pública, indica a inserção das professoras no mercado de trabalho e, ao mesmo tempo, reafirma a vinculação do lugar social feminino ao lar.;458
1684;0;D;Estabelece a distinção entre mestres e mestras, não apenas no que se refere às suas atribuições profissionais, mas também quanto ao valor da remuneração que cada um deveria receber.;458
1685;1;A;A publicação de “Castigos Lancasterianos” tinha como objetivo orientar os professores de Minas Gerais no cumprimento do artigo 15° da Lei de 15 de outubro de 1827.;459
1686;0;B;O Método Lancaster, que chegou ao Brasil na década de 1820, era uma novidade no ensino e se manteve como método oficial no decorrer do império, sendo abolido das escolas apenas com a Proclamação da República.;459
1687;4;C;O Método Lancaster, criado na Inglaterra e utilizado em Portugal desde 1815, consistia em reunir pequenos grupos de alunos que seriam ensinados por monitores formados e instruídos pelo professor e previa uma série de medidas disciplinares.;459
1688;5;D;As formas de imposição e manutenção da disciplina por meio de castigos apresentadas pelo Método Lancaster permitem verificar como a violência pode ser concebida dentro de códigos e raciocínios que regram o seu uso.;459
1689;5;A;A redescoberta, pela Comissão Nacional da Verdade e da Justiça, em 2011, de um relatório desparecido por décadas aponta para a dificuldade de acesso aos documentos referentes à Ditadura Civil-Militar, causada em parte pelas disputas em torno das memórias sobre o regime ditatorial.;460
1690;5;B;O Relatório Figueiredo apresentou, em mais de 7000 páginas, crimes realizados contra os índios como indivíduos e contra o patrimônio das comunidades, e teve expressivo impacto na opinião pública internacional. As investigações, no entanto, foram encerradas após a publicação do AI-5.;460
1691;1;C;O documento apresenta o caráter sistemático e institucional da violência contra os povos indígenas no Brasil. Corrupção, torturas, trabalhos forçados e homicídios eram práticas correntes entre funcionários do SPI.;460
1692;0;D;Instalada pelo governo militar, a Comissão de Investigação é uma prova da preocupação desse regime com a proteção dos índios no Brasil. Essa preocupação se expressa também na dissolução do SPI e criação da FUNAI.;460
1693;1;A;Refere-se à proposta de Reforma da Previdência, que traz graves impactos para as condições de trabalho e aposentadoria de milhões de brasileiros e que o governo de Michel Temer tinha como meta aprovar naquele momento.;461
1694;5;B;Remete-se a um hipotético julgamento futuro realizado pela história para afirmar a necessidade de a população apoiar a proposta governamental, atribuindo aos dissidentes a responsabilidade por “quebrar o país”.;461
1695;4;C;Utiliza-se de apelo emocional maniqueísta, dividindo a população brasileira em dois grupos opostos e contrapondo as cores verde e amarela às cores vermelha e azul.;461
1696;0;D;Utiliza de uma imagem gratuita de internet, de artista célebre, encontrada em sites como Shutterstock e a altera graficamente para adequá-la ao próprio argumento.;461
1697;0;A;A metáfora construída entre a carne mais barata do mercado e a condição do negro tem em vista a recorrente desqualificação profissional dessa parcela da população.;463
1698;1;B;"A canção inicia com os gritos de ""A carne mais barata do mercado é a carne negra"" como se fosse um pregão de um vendedor de rua ou feira.";463
1699;5;C;A canção apresenta a população negra presa a uma lógica de violência, que a desqualifica e a estabelece como descartável.;463
1700;4;D;Elza Soares, nascida na atual favela Vila Vintém no Rio de Janeiro, foi casada com o jogador de futebol Mané Garrincha e sofreu anos de violência doméstica, tendo sua vida e carreira prejudicadas pelos preconceitos de gênero e raça.;463
1701;4;A;O caso da Vila Amaury indica como novas tecnologias, como o georreferenciamento, podem legitimar narrativas e memórias marginais à história oficial.;464
1702;0;B;A escolha de represar o Rio Paranoá e construir o Lago foi feita pelo arquiteto Lucio Costa, vencedor do Concurso Nacional do Plano Piloto da Nova Capital do Brasil.;464
1703;1;C;Os documentos apresentados são uma notícia jornalística sobre as imagens subaquáticas feitas no Lago Paranoá e um conjunto de depoimentos de ex-moradores(as) da Vila Amaury em Brasília.;464
1704;5;D;Os relatos dos ex-moradores(as) da Vila Amaury por vezes se contradizem, evidenciando a dimensão subjetiva da memória.;464
1705;0;A;Segundo as lendas coloniais ressignificadas no decorrer dos séculos, o homem-marinho é conhecido por seu poder de se transformar em um belo jovem, vestido de branco e de chapéu...;465
1706;5;B;Viajantes, colonos e religiosos em sua busca por fazer conhecer o “outro” colhem junto aos nativos informações e relatam a existência de tal entidade, sempre registrando suas características a partir de elementos conhecidos no universo europeu.;465
1707;1;C;Trata-se de um ser mitológico de algumas culturas indígenas, associado ao litoral e a áreas ribeirinhas e que recebe variadas descrições de aparência e hábitos.;465
1708;4;D;Inserido no universo da cultura popular, o homem-marinho tem ao longo dos séculos seu nome e suas histórias modificadas, agregando novas funções, sendo despido da demonização e operando, por exemplo, como protetor.;465
1709;1;A;Trazem imagens em grande dimensão de homens retratados em uma mesma paleta de cores.;466
1710;5;B;São a reelaboração de retratos de cidadãos detidos, sugerindo relações entre imagem, anonimato e identidade.;466
1711;4;C;Dialogam com uma proposta artística mais ampla de seu autor: a reflexão sobre a identidade étnica e cultural na Amazônia.;466
1712;0;D;Demonstram a evolução artística do autor cuja obra saiu das ruas para as galerias e museus de arte.;466
1713;5;A;"Ao celebrar a independência feminina, o jornal ""O Sexo Feminino"" também enaltece seu próprio papel como mediador das relações entre a mulher independente e a pátria.";467
1714;4;B;"A diagramação do jornal reforça seus argumentos ao apresentar o texto ""O sete de setembro"" entre “A educação da mulher” e a seção ""Collaboração"", que anuncia a chegada da Escola Normal à cidade.";467
1715;1;C;O periódico tinha como proprietária e editora D. Francisca Senhorinha da Motta Diniz e como público alvo as mulheres da cidade de Campanha em Minas Gerais.;467
1716;0;D;O artigo compara um possível ganho de independência da mulher à destruição de monumentos nacionais, uma vez que é ela quem constitui a base da família e, portanto, pertence unicamente à esfera do privado e doméstico.;467
1717;4;A;O semanário revela a articulação de uma elite intelectual feminina no século XIX que fez da imprensa um importante espaço de discussão, o que questiona a ideia de uma ausência feminina da vida pública brasileira.;468
1718;0;B;O baixo número de mulheres alfabetizadas na cidade de Campanha explica a curta existência do semanário, reforçando a ideia do pertencimento da mulher a um campo mais próximo da oralidade que da escrita.;468
1719;1;C;"""O Sexo Feminino"", como outros jornais editados por e para mulheres, indica o crescimento da luta pela ampliação dos direitos da mulher na sociedade brasileira.";468
1720;5;D;"O periódico, ao trazer a frase do francês Louis Aimé-Martin logo abaixo de seu título - ""É pelo intermédio da mulher que a natureza escreve no coração do homem"" - reafirma a importância da mulher pela relação que ela estabelece com o homem, e não por sua individualidade.";468
1721;0;A;"A tradição de se chamar de ""doutor"" a advogados, médicos, políticos, pessoas ricas ou que exerçam cargos de alguma autoridade faz parte de uma tradição jurídica instituída pelo direito natural.";469
1722;1;B;O artigo “Advogado: doutor por excelência” alicerça seus argumentos em leis e tradições defendendo que advogados devem ser chamados de “doutores”.;469
1723;5;C;Por serem inespecíficos, a lei e o estatuto para o Curso Jurídico abrem brechas utilizadas por advogados, o que confirma a ideia de que não é ilegal aquilo que não está na lei.;469
1724;4;D;A lei de 11 de agosto de 1827 e o capítulo XIII do estatuto para o Curso Jurídico não corroboram necessariamente os argumentos de que todo advogado seja doutor por excelência.;469
1725;5;A;Os estudos das margens pré-colombianas do rio Madeira revelam sociedades indígenas complexas, afetadas pela chegada de espanhóis e portugueses na região.;470
1726;0;B;A exploração colonial da bacia hidrográfica amazônica provocou uma maior ocupação de grupos indígenas às margens do rio Madeira.;470
1727;4;C;A imposição do trabalho compulsório indígena foi parte da estratégia colonizadora para a entrada e o mapeamento do território amazônico.;470
1728;1;D;A intensa circulação de pessoas pelos rios amazônicos e a consequente ocupação de suas margens são anteriores à chegada dos europeus na região.;470
1729;5;A;A influência liberal britânica, que não é desprovida de um olhar racista, choca-se com uma sociedade que abandonara há pouco tempo o trabalho escravo.;471
1730;0;B;O contexto da narrativa revela que Diamantina manteve-se no centro da organização econômica nacional no final do século XIX, atraindo especialmente europeus para o trabalho na mineração.;471
1731;4;C;Helena Morley foi o pseudônimo usado por Alice Dayrell Caldeira Brant para escrever sobre acontecimentos de sua adolescência na cidade de Diamantina, Minas Gerais, entre os anos de 1893 e 1895.;471
1732;1;D;Os trabalhos feitos por Nhonhô no cotidiano familiar não incomodavam sua mãe até o momento em que foi comparado a um escravo.;471
1733;4;A;As recentes imagens fotográficas tomadas a partir do alto indicam a coexistência de diferentes temporalidades marcadas no solo acreano.;472
1734;1;B;Geoglifos são grandes figuras geometrizadas esculpidas em baixo-relevo no solo, que são melhor visualizadas do alto.;472
1735;0;C;A comparação dos geoglifos encontrados no Acre com os de Nazca demonstra a maior complexidade das sociedades pré-colombianas que habitavam a região hoje conhecida como o Peru.;472
1736;5;D;Mesmo sem a exata precisão de sua função, os espaços demarcados pelos geoglifos indicam como as sociedades adequavam seu entorno às suas necessidades práticas ou simbólicas.;472
1737;5;A;A discussão entre Gama e Aguiar apresenta-se em termos metafóricos e irônicos...;474
1738;4;B;Ao sugerir que Narciso deveria reagir...;474
1739;1;C;O documento apresenta a discussão travada entre Luiz Gama e Rafael Tobias de Aguiar...;474
1740;0;D;Embora se coloque publicamente contra a ação...;474
1741;0;A;Na segunda vez em que foi presa, Nise da Silveira...;475
1742;5;B;Nise, presa por suas filiações comunistas...;475
1743;1;C;Nise da Silveira é a única mulher na foto...;475
1744;4;D;Nise da Silveira foi uma psiquiatra alagoana conhecida por se manifestar...;475
1745;4;A;Apesar de ter as questões da comunidade homossexual como pautas centrais...;476
1746;1;B;"""Lampião da Esquina"" é considerado o primeiro jornal gay...";476
1747;0;C;Ao afirmar que a maioria “também faz xixi”...;476
1748;5;D;Aguinaldo Silva denuncia a estigmatização do homossexual...;476
1749;0;A;A criação de monstros fictícios para canalizar o ódio...;477
1750;5;B;A criação de “monstros” a partir da instrumentalização de medos...;477
1751;4;C;O tema da perseguição das artes pelos nazistas...;477
1752;1;D;O texto argumenta que enquanto muitos dos apoiadores do nazismo...;477
1753;4;A;Na caricatura a palavra “armazém” pode representar um catálogo de vendas...;478
1754;0;B;Hoje “pancadão” é um termo usado para denominar o baile funk...;478
1755;5;C;O sentido das palavras assim como os sentidos do humor variam conforme a época.;478
1756;1;D;O autor apresenta, de forma humorística, os diversos usos de uma mesma palavra...;478
1757;1;A;As investigações arqueológicas sobre as modificações intencionais de dentes...;479
1758;4;B;As práticas culturais que contam a história de afrodescendentes nas Américas...;479
1759;5;C;Os estudos referentes à escravidão podem ser pensados a partir de uma perspectiva comparada...;479
1760;0;D;As pesquisas sobre os diferentes significados culturais...;479
1761;5;A;A biografia de Clarice Lispector é um exemplo de como histórias podem ser reconstruídas...;480
1762;1;B;Relatos orais e documentos oficiais são algumas das fontes...;480
1763;0;C;A busca pela reconstrução de uma identidade ucraniana...;480
1764;4;D;O momento em que a família Lispector chega ao Brasil marca uma inflexão nas levas migratórias...;480
1765;1;A;As imagens retratam cenas inspiradas em imagens cotidianas e religiosas...;481
1766;5;B;A figura do malandro, presente na música brasileira...;481
1767;4;C;Bezerra da Silva foi um sambista que musicou experiências cotidianas...;481
1768;0;D;A malandragem suspende os arranjos sociais vigentes...;481
1769;0;A;"A história do ""bebê diabo"" foi um artifício...";482
1770;1;B;"As capas do jornal ""Notícias Populares"" apresentam uma grande diversidade temática...";482
1771;4;C;"A história do ""bebê diabo""... teve grande repercussão na sociedade...";482
1772;5;D;A disposição das imagens e dos textos na capa revela uma estratégia discursiva...;482
1773;1;A;A placa inaugurada no cemitério traz informações sobre negros ali enterrados...;483
1774;5;B;A inauguração da placa em 2009 e as comemorações que se seguiram...;483
1775;0;C;O cemitério é conhecido como “Cemitério dos Imigrantes” por reconhecer...;483
1776;4;D;O cemitério dos imigrantes em Joinville foi reconhecido...;483
1777;5;A;A censura era construída a partir de apreciações técnicas e morais...;484
1778;1;B;Os documentos são compostos por textos datilografados e recebem intervenções à mão...;484
1779;4;C;Segundo longa-metragem e uma das obras mais importantes...;484
1780;0;D;Pareceres negativos à exportação do filme fizeram com que ele não conseguisse ultrapassar as fronteiras...;484
1781;0;A;Desdobramento da compulsão alimentar na modernidade...;486
1782;5;B;Construção cultural que possui historicidade e manifestações travestidas de carinho...;486
1783;1;C;Forma de preconceito que estabelece que pessoas não se adequam aos padrões...;486
1784;4;D;Mulheres são as maiores vítimas, agravada por machismo e racismo.;486
1785;1;A;Interpretação de leis que conclui que todos os libertos são cidadãos...;487
1786;0;B;Exercício jurídico de jovem acadêmico sem real preocupação...;487
1787;4;C;Discute inconstitucionalidade da reescravização baseada no Código de 1830...;487
1788;5;D;Interpretação sobre condição jurídica dos libertos e irreversibilidade do cidadão.;487
1789;4;A;Hélio Melo expressa relações homem-floresta baseado na vida nos seringais...;488
1790;1;B;Substitui a copa da árvore por traços que remetem a estradas...;488
1791;5;C;Ramificações aludem a limites políticos do Acre...;488
1792;0;D;Destaque na Bolívia pela importância histórica na região.;488
1793;1;A;Debatem divergências da lei municipal 4.112 e o conceito de patrimônio imaterial...;489
1794;0;B;Sopa paraguaia é exemplo de hibridização que gera degeneração...;489
1795;5;C;Práticas culturais não são limitadas por fronteiras nacionais...;489
1796;4;D;Reflete tensões em lugares marcados por migrações.;489
1797;1;A;Receita ensina desde o abate até servir à mesa...;490
1798;5;B;Supressão da receita em edições recentes indica mudança de hábitos e sensibilidades...;490
1799;4;C;Legislação brasileira proíbe consumo, abate e comércio...;490
1800;0;D;Publicação em 1989 causou comoção e criou o Projeto Tamar.;490
1801;4;A;Vendido em boticas no Brasil e América do Sul...;491
1802;0;B;Curadores substituíam por planta turbith da África...;491
1803;5;C;Purgantes produzidos por calunduzeiros com funções religiosas e rituais...;491
1804;1;D;Apresenta indicações e interações para todas as faixas etárias.;491
1805;5;A;Documentou conflitos mundiais para revistas de diferentes países...;492
1806;4;B;Influenciado pela fotografia humanista de Robert Capa e cobriu da seca no NE a revoluções...;492
1807;1;C;Enviado da revista O Cruzeiro em busca de jornalismo engajado...;492
1808;0;D;Registro da queda do muro de Berlim em 1989.;492
1809;0;A;Política para evitar disseminação da língua portuguesa entre imigrantes...;493
1810;1;B;Isolamento de imigrantes alemães em Santa Leopoldina por ruína de pontes...;493
1811;4;C;Romance Canaã de Graça Aranha retrata temas como racismo...;493
1812;5;D;"Texto revela hierarquização ao colocar imigrantes ""abaixo dos escravos"".";493
1813;5;A;Exemplo de arte abstrata que explora simetria...;494
1814;4;B;Bonomi concebia o trabalho como processo, matrizes tão importantes quanto impressão...;494
1815;4;C;Diálogo com cubismo de Goeldi e expressionismo dos EUA...;494
1816;0;D;Única mulher gravurista no país até a década de 1980.;494
1817;0;A;Caso Muniz Falcão impulsionou impeachment no Brasil...;495
1818;4;B;Ataques da elite por causa da Taxa Pró-Economia...;495
1819;5;C;Exemplo de violência como prática política recorrente no Brasil...;495
1820;1;D;Indícios de plano para impedir sessão da Assembleia (sacos de areia e censura).;495
1821;5;A;Enfraquecia o legislativo em favor de um executivo forte...;496
1822;1;B;Cassação implicava em restrições à liberdade de ir e vir e manifestar...;496
1823;0;C;Respeitava a autonomia dos estados...;496
1824;4;D;Decretos para centralização política e aumento de poderes presidenciais.;496
1825;1;A;A “elevação mental” implica abandonar o conservadorismo...;499
1826;4;B;A canção menciona a violência contra transexuais...;499
1827;0;C;A identidade de gênero difere da orientação sexual...;499
1828;5;D;O conflito entre padrões culturais e a identidade de gênero é tema recorrente.;499
1829;4;A;Recebeu a medalha de ouro na Exposição Geral de 1884...;500
1830;5;B;A ideia de “musa” é rompida ao reforçar o domínio técnico...;500
1831;1;C;O quadro retrata uma pintora que trabalha de costas...;500
1832;0;D;Busca exemplificar como a natureza morta era um tema feminino.;500
1833;5;A;A crítica que a autora faz à República se dirige à moral burguesa...;501
1834;0;B;Expoente da escola simbolista, traz enredo contraditório...;501
1835;1;C;Trecho apresenta os dilemas de Francisco Teodoro ao lidar com a falência...;501
1836;4;D;Ambientado nos primeiros anos da República e destaca o encilhamento.;501
1837;0;A;O prato não pode ser considerado patrimônio por ausência de lei...;502
1838;5;B;A difusão relaciona-se com a história das bandeiras e expedições...;502
1839;4;C;Prato de origem indígena feito com ingredientes locais...;502
1840;1;D;A produção movimenta a economia local de Boa Vista.;502
1841;4;A;Descrições mediadas por valores culturais...;503
1842;0;B;Descrições revelam o despreparo do autor...;503
1843;1;C;"Fascínio pelo ""exotismo"" da fauna brasileira...";503
1844;5;D;O autor compara os animais brasileiros àqueles conhecidos pelos europeus (alteridade).;503
1845;1;A;Brasil e Venezuela buscaram incorporar a Guiana...;504
1846;5;B;Fronteiras são uma convenção e fruto de um processo histórico...;504
1847;4;C;Confrontavam-se interesses por bacias hidrográficas...;504
1848;0;D;Levou em conta os interesses dos povos nativos.;504
1849;0;A;Pinturas rupestres no RN consideradas rudimentares...;505
1850;5;B;Apresentam sítios arqueológicos que auxiliam no conhecimento da ocupação...;505
1851;4;C;Sítio com vestígios pré-históricos entre 3 mil e 10 mil anos...;505
1852;1;D;Retratam o sítio localizado em Apodi no RN.;505
1853;4;A;Criado e patenteado em PE em 1929 por referências da arquitetura...;506
1854;1;B;O termo criado das sílabas dos inventores indica um brasileirismo...;506
1855;5;C;Herança da influência árabe útil em climas quentes...;506
1856;0;D;Dicionários são fontes inviáveis para o historiador.;506
1857;1;A;Destaca os benefícios como diminuição de incêndios...;507
1858;4;B;Defende a implantação baseada em exemplos mundiais...;507
1859;0;C;Propõe substituição da iluminação a gás por querosene...;507
1860;5;D;Discurso de defesa vinculado à noção de modernização benéfica.;507
1861;4;A;O primeiro vestibular indígena foi em 2007 na UFSCar...;508
1862;0;B;Práticas educacionais indígenas são desconsideradas...;508
1863;5;C;Balanço marcado pela ênfase na atuação dos alunos como construtores...;508
1864;1;D;Presença indígena questiona a visão estereotipada.;508
1865;5;A;O quadrinho critica por meio do humor uma perspectiva racista de materiais didáticos...;510
1866;1;B;O quadrinho traz o diálogo de dois personagens: um usa chapéu de cangaceiro...;510
1867;4;C;Apesar da obrigatoriedade do ensino de História da África... muitos livros continuam a priorizar a Europa.;510
1868;0;D;O saci, figura conhecida por suas traquinagens, mente para o personagem Xaxado...;510
1869;4;A;No diálogo entre os burros, a citada “liberdade de apodrecer” aparece como a única recompensa...;511
1870;0;B;A crônica de Machado de Assis não contém aspectos políticos...;511
1871;5;C;O diálogo entre os burros pode ser entendido como uma imagem da relação ambígua da abolição.;511
1872;1;D;A crônica fala sobre a chegada de bondes elétricos que substituíram a tração animal.;511
1873;5;A;Inviabilizou a criminalização dos agentes da ditadura.;512
1874;4;B;Antecedeu a implantação do pluripartidarismo.;512
1875;4;C;Foi acompanhada de intenso apoio popular.;512
1876;0;D;Baniu da vida política seus líderes anteriores.;512
1877;1;A;A foto reúne um grupo de 21 pessoas, em sua maioria crianças de origem humilde...;513
1878;5;B;Os risos dos retratados e a proximidade propõem um olhar acolhedor em relação à pobreza.;513
1879;0;C;O fotógrafo Scheier viu-se impelido a registrar e denunciar os cortiços no Brasil...;513
1880;4;D;Os cortiços paulistanos localizaram-se em bairros industriais como Brás e Mooca.;513
1881;0;A;A documentação de denúncias e processos revela que a sociedade mineradora não era iletrada.;514
1882;4;B;A administração e execução das Devassas ocorriam nos principais centros coloniais.;514
1883;1;C;A sociedade e a cultura do século XVIII podem ser estudadas pelos historiadores via Devassas.;514
1884;5;D;Os preceitos religiosos se constituíam como normas a serem seguidas pelos cristãos.;514
1885;4;A;O jornal Cabichuí era uma publicação do exército paraguaio e sua capa animaliza o homem.;515
1886;5;B;O Cabichuí descreve a Guerra do Paraguai como uma investida antirrepublicana.;515
1887;1;C;Os documentos reforçam o argumento de que a pátria paraguaia defendia a América do Sul.;515
1888;0;D;A Guerra do Paraguai forçou o país a criar sua imprensa como forma de comunicação.;515
1889;0;A;Abdias do Nascimento e Maria de Lourdes eram responsáveis pela administração do jornal.;516
1890;4;B;A ativista e atriz Ruth de Souza é retratada na capa do jornal Quilombo.;516
1891;4;C;Solano Trindade fundou o Teatro Popular Brasileiro com elenco de operários e estudantes.;516
1892;1;D;O jornal Quilombo é um expoente da imprensa negra com a questão racial como central.;516
1893;4;A;O Fórum Brasileiro de Segurança Pública indicou altos índices de violência doméstica em 2017.;517
1894;0;B;Iniciativas como a Lei Maria da Penha reforçam a desigualdade jurídica entre gêneros.;517
1895;1;C;A letra descreve, de forma velada, o relacionamento abusivo a que Camila está submetida.;517
1896;4;D;A Constituição de 1988 estabeleceu a igualdade e eliminou o “crime de legítima defesa da honra”.;517
1897;1;A;A notícia traz um texto baseado num documento forjado pelo capitão Olímpio Mourão Filho.;518
1898;4;B;Em 1964, o autor do Plano Cohen foi um dos articuladores do golpe militar.;518
1899;5;C;A divulgação do Plano Cohen vai ao encontro da proposta varguista de uso das mídias.;518
1900;0;D;Denunciado em 1945, Mourão Filho esclareceu que o documento era para uso exclusivo da AIB.;518
1901;5;A;O samba-enredo aborda o ocultamento da agência das minorias nas narrativas históricas.;519
1902;4;B;Os compositores evocam a invisibilização e silenciamento das mulheres negras.;519
1903;0;C;O “herói emoldurado” é referência somente àqueles que lutaram nas batalhas.;519
1904;1;D;O tema central são as lutas que não aparecem na chamada “história oficial”.;519
1905;5;A;Os documentos levam a refletir sobre a lógica de violência que justifica a brutalidade policial.;521
1906;1;B;As fotografias apresentam cenas das vítimas do massacre (111 mortos).;521
1907;0;C;A repercussão levou o TJSP a condenar Fleury e Ubiratan em veredictos inéditos.;521
1908;4;D;Em 1993, duas chacinas no RJ trouxeram o Carandiru à memória.;521
1909;1;A;As três capas são do LP Calabar de 1973: original, pós-censura e remodelada.;522
1910;0;B;As capas diferentes foram opção do compositor, como em seu LP Francisco.;522
1911;4;C;"Grande parte da trilha sonora da peça ""Calabar"" foi censurada (apenas instrumental).";522
1912;5;D;Na peça, Chico Buarque e Ruy Guerra dão voz a personagens marginalizadas.;522
1913;1;A;Apresenta panorama do Morro Velho e utiliza um homem para marcar escalas.;523
1914;4;B;Ao longo do séc. XIX a mineração cresceu com empresas estrangeiras.;523
1915;5;C;Trabalhadores ingleses contavam com estatuto próprio (católicos vs protestantes).;523
1916;0;D;Estruturas evidenciam aspecto rudimentar e baixa produtividade.;523
1917;0;A;Muitos integralistas foram julgados em virtude de sua participação na milícia.;524
1918;4;B;Gestos, massificação e obediência irrestrita estão presentes em projetos fascistas.;524
1919;1;C;Os dois documentos tratam de movimentos que podem ser caracterizados como totalitários.;524
1920;5;D;Para Arendt, a banalidade do mal implica a renúncia ao pensamento crítico.;524
1921;4;A;Bonecas nas mãos fazem referência às tobossis do Daomé.;525
1922;5;B;Uso de palavras ewe-fon chama atenção para heranças culturais africanas.;525
1923;0;C;Bonecas, tambores e vestimentas foram arrolados como patrimônio imaterial.;525
1924;1;D;A fotografia retrata adeptas da Casa das Minas em São Luís.;525
1925;4;A;O título destaca a importância da língua banto para a compreensão de Palmares.;526
1926;0;B;O autor representa as lideranças Zumbi e Ganga-Zumba.;526
1927;5;C;A composição preto e branco destaca escarificações e marcas da violência.;526
1928;1;D;A presença holandesa em Pernambuco propiciou o aumento de fugas para Palmares.;526
1929;1;A;Apresenta etapas da tramitação do exame censório para peça no RJ.;527
1930;0;B;Carlos Luiz de Saules autorizou a licença com pequenas alterações.;527
1931;5;C;O Conservatório Dramático Brasileiro servia como órgão de controle moral.;527
1932;4;D;O parecerista considerou a peça afrontosa à moral e decência públicas.;527
1933;5;A;Práticas políticas que tratam com descaso a pesquisa negam a cidadania.;528
1934;1;B;O texto indica ausência de manutenção como responsável pelo incêndio no Museu Nacional.;528
1935;4;C;Entre os itens consumidos estava o mapa étnico-histórico de Curt Nimuendajú.;528
1936;0;D;A perda pode ser revertida a partir de réplicas e materiais simbólicos.;528
1937;0;A;Secularização consistia em negar à Igreja sua missão de salvadora.;529
1938;5;B;Documentos revelam tensões entre poderes espiritual e temporal.;529
1939;1;C;Os dois órgãos da imprensa interpretaram a secularização de formas diversas.;529
1940;4;D;A inauguração do primeiro cemitério público em 1850 iniciou a discussão tributária.;529
1941;4;A;Munduruku critica o papel da escola que reforça visão homogeneizadora.;530
1942;0;B;A cultura viva se opõe à tradição e ancestralidade indígena.;530
1943;5;C;Esperar que povos indígenas correspondam a expectativas é forma de dominação.;530
1944;0;D;Ao negar ser índio, o palestrante esvazia a causa indígena.;530
1945;1;A;Obra embasada em fotografias produzidas em diferentes momentos.;531
1946;5;B;Ao usar fotos de família, a artista remete à ancestralidade coletiva.;531
1947;0;C;A obra marca ponto de ruptura na trajetória da artista.;531
1948;4;D;As fotografias foram transformadas em amuletos (patuás).;531
1949;0;A;A reforma manicomial da década de 90 fechou manicômios no território nacional.;533
1950;5;B;O abandono verificado nos manicômios é uma escolha pautada na limpeza social.;533
1951;4;C;Apenas na década de 70 especialistas deram repercussão internacional a Barbacena.;533
1952;1;D;Visitantes equipararam o ambiente aos campos de concentração nazistas.;533
1953;5;A;Apresenta aspectos do cristianismo como apaziguadores entre patrão e empregado.;534
1954;0;B;Inspirou o cartunista Henfil a criar o personagem Zeferino.;534
1955;1;C;Conta a história de um peão sentado ao pé de um umbuzeiro.;534
1956;4;D;É escrita e cantada no “sertanez”, a língua vernácula do sertão baiano.;534
1957;1;A;A loja da viúva Freitas utilizava o côvado para venda de tecidos.;535
1958;4;B;A implantação de lei visava maior controle sobre o comércio.;535
1959;0;C;Infratores eram rigorosamente punidos em caso de desobediência em 1862.;535
1960;5;D;O governo previa que a imposição do sistema não seria imediata.;535
1961;1;A;A reportagem apresenta aspectos da vida de Violeta ligados à história do Brasil.;536
1962;5;B;A casa de Violeta e Pierre em Paris era polo de resistência no exílio.;536
1963;4;C;Violeta protagonizou a oposição ao regime militar.;536
1964;0;D;As imagens mostram que artistas do Cariri frequentavam a casa.;536
1965;4;A;As datas 1964, 1968 e 1970 se referem ao golpe, ao AI-5 e à ascensão de Médici.;537
1966;0;B;“Pra não dizer que não falei das flores” foi inspirada no apelido de Violeta.;537
1967;5;C;A fuga de chilenos remete às experiências militares de outros países latinos.;537
1968;1;D;A clandestinidade da Frente de Informação devia-se à repressão sofrida.;537
1969;0;A;A manutenção de edifícios do passado impede o progresso das cidades.;538
1970;1;B;O centro cultural substituiu a moradia na Vila Itororó.;538
1971;5;C;Espaços urbanos são palco de disputas econômicas que definem a moradia.;538
1972;4;D;A Vila Itororó é exemplo de como um edifício pode ter diferentes usos.;538
1973;1;A;A interação de elementos religiosos indica práticas antigas e transculturais.;539
1974;4;B;O ato de benzer é, por vezes, a única alternativa médica em certas comunidades.;539
1975;5;C;A aproximação entre saber popular e acadêmico favorece o potencial da flora.;539
1976;0;D;O papel das benzedeiras tende a desaparecer com a medicina moderna.;539
1977;5;A;A “supressão do outro” criou uma identidade nacional de corpo único.;540
1978;0;B;O texto mostra a influência do marxismo cultural nas ações holandesas.;540
1979;4;C;O Exército situa seu berço na Batalha de Guararapes.;540
1980;5;D;Nacionalismo e patriotismo são conceitos forjados por projetos políticos.;540
1981;4;A;A bandeira celebra os feitos guerreiros do rei Adandozan.;541
1982;5;B;A carta e os presentes enviados a Dom João mantêm relações diplomáticas.;541
1983;0;C;Adandozan foi o nome adotado por Dom José na África.;541
1984;4;D;O rei Adandozan ressalta diferenças entre os costumes do Daomé e Portugal.;541
1985;0;A;O fotógrafo comprova a pobreza inspirado nos estereótipos de Euclides da Cunha.;542
1986;4;B;Evandro Teixeira produziu imagens sobre episódios da ditadura.;542
1987;1;C;O fotógrafo retrata ruínas, religiosidade e a paisagem de Canudos.;542
1988;5;D;As imagens evocam a memória do conflito e da paisagem natural.;542
1989;4;A;É música cantada em dialeto criado por presos políticos.;543
1990;0;B;É uma paródia do Verlan francês, com sílabas invertidas.;543
1991;1;C;"O refrão ""davi que guese, gonê"" inverte a frase ""vida que segue, nêgo"".";543
1992;4;D;O gênero rap é associado à crítica social e cotidiano marginalizado.;543
1993;5;A;As notícias que circulam hoje nas redes sociais sobre a família real... mesclam fake news e fatos históricos.;547
1994;1;B;A abolição da escravatura e as ideias republicanas foram temas retomados pelas fake news em 2019.;547
1995;0;C;As notícias sobre a família imperial brasileira foram produzidas a partir de ampla documentação histórica.;547
1996;4;D;"As fake news são notícias falsas; um exemplo é a corrente de whatsapp sobre a reabilitação da monarquia.";547
1997;0;A;Questiona a originalidade da Inconfidência Mineira devido ao atraso do Brasil.;548
1998;5;B;Reforça a relevância da leitura e da reapropriação de conteúdos para lidar com realidades locais.;548
1999;1;C;Associa a Inconfidência Mineira a eventos externos como a Independência dos Estados Unidos.;548
2000;4;D;Salienta o papel da imprensa e de jovens que estudaram no exterior na circulação de ideias.;548
2001;4;A;As expedições científicas do século XIX eram em sua maioria patrocinadas por nobres europeus.;549
2002;1;B;A fauna e a flora do Brasil despertavam interesses nas monarquias europeias desde o século XVI.;549
2003;0;C;Os cientistas se restringiram ao litoral do Brasil evitando o sertão.;549
2004;5;D;O conhecimento científico é um instrumento de poder estratégico para as administrações estatais.;549
2005;1;A;A propaganda celebra o sucesso de vendas do automóvel Brasília, fabricado pela Volkswagen.;550
2006;5;B;O carro é vinculado à jovem capital, destacando linhas modernas, economia e estabilidade.;550
2007;0;C;A variedade de cores destacada não encontra a mesma variedade de ocupantes, todos homens.;550
2008;4;D;O modelo Brasília foi fabricado no Brasil entre os anos de 1973 e 1982.;550
2009;0;A;Como reação ao preconceito, Vitória instituiu a moqueca como patrimônio imaterial em 2012.;551
2010;4;B;O dia da moqueca é comemorado no Espírito Santo junto ao aniversário de Cacau Monjardim.;551
2011;5;C;Os diferentes preparos da moqueca no Brasil são expressões de identidades regionais.;551
2012;1;D;Independentemente do caráter ficcional, as telenovelas comovem espectadores que cobram coerência.;551
2013;5;A;Explora o humor sugerindo que o “brasileiro médio” ignora a dimensão do racismo.;553
2014;4;B;Identifica o “brasileiro médio” pela camisa amarela e pelo emprego de expressões de desdém.;553
2015;0;C;Recusa a validade da luta por direitos civis e da denúncia da segregação nos EUA.;553
2016;1;D;Ressalta o interesse geral da multidão pelo discurso ao representá-la aglomerada.;553
2017;0;A;O cemitério da Batalha do Irani é um espaço de veneração aos líderes da Guerra do Contestado.;554
2018;4;B;O cemitério do Irani é fruto da Guerra do Contestado, que levou à morte mais de 6 mil pessoas.;554
2019;5;C;O artigo apresenta os cemitérios como cultura material para compreender religiosidades.;554
2020;1;D;O artigo indica a permanência do culto a José Maria e a mística da ressurreição.;554
2021;1;A;Conta a história de um marido e sua vergonha com a decisão da mulher de se transformar em homem.;555
2022;5;B;Aponta como a decisão da mulher de fazer a operação abala os preceitos do gênero masculino.;555
2023;4;C;Gravada por Jackson do Pandeiro em 1961, mostra que o debate sobre o tema é antigo.;555
2024;0;D;Demonstra que a mulher transformou-se em homem para poder dominar o seu marido.;555
2025;5;A;Faz uma crítica à condição do migrante, transportado em um navio como mercadoria.;556
2026;1;B;Reúne vários elementos regionais para descrever a terra da qual o eu-lírico sentirá saudades.;556
2027;0;C;Hierarquiza na cidade os intelectuais em relação às figuras populares.;556
2028;4;D;Descreve a cidade do Recife como múltipla e heterogênea.;556
2029;0;A;A ausência de mulheres negras e idosos reforça que a resistência era prática masculina.;557
2030;5;B;A diversidade nos quilombos (negros, indígenas e livres) diverge da ideia de apenas fugas.;557
2031;4;C;O Quilombo do Piolho adotava a realeza e era governado pela rainha Teresa de Benguela.;557
2032;1;D;Populações que fugiram da destruição em 1770 formaram uma nova comunidade atacada em 1795.;557
2033;4;A;Compartilha com a obra de Avalos a perspectiva da inferioridade dos povos ameríndios.;558
2034;5;B;Atribui a indeterminação das origens dos povos à ausência de documentos escritos por eles.;558
2035;1;C;Revela o incômodo dos europeus diante de um continente cujo processo de ocupação era desconhecido.;558
2036;0;D;Reafirma a superioridade ocidental ao aceitar a hipótese migracionista de origem europeia.;558
2037;5;A;A presença de espaços literários, sociedades e clubes voltados ao debate político.;559
2038;4;B;A popularidade da filosofia positivista no país, vista no periódico ”A Trepação”.;559
2039;1;C;A vitalidade da imprensa cearense dividida entre a imprensa política e a de costumes.;559
2040;0;D;A limitação da utilização da galhofa como forma de crítica social.;559
2041;1;A;Texto e ilustração registram as consequências da exploração predatória de mineradoras.;560
2042;0;B;A obra faz referência ao acidente ocorrido em Brumadinho (MG) no Rio Doce.;560
2043;4;C;O livro sensibiliza o leitor sobre a preservação ao mesclar características humanas e biológicas.;560
2044;5;D;A obra marca a importância histórica do rio como elemento definidor da vida cotidiana.;560
2045;0;A;Apresentam como a dignidade dos moradores da Maré é desrespeitada.;562
2046;4;B;Foram reunidas para uma Ação Civil Pública que permite punições ao Estado.;562
2047;5;C;Evidenciam o desrespeito à propriedade privada, segurança, educação e lazer.;562
2048;1;D;Valem-se de diferentes linguagens para sensibilizar sobre a violência policial na Maré.;562
2049;5;A;Evidencia que a mineração se alicerça na exploração de vidas por propósitos fúteis.;563
2050;0;B;Indica como a extração do ouro se juntou também à do ferro no período.;563
2051;1;C;Aponta os custos em vidas e o surgimento da criminalidade que o ouro provocou em Minas.;563
2052;4;D;Mostra a crueldade com os negros e a riqueza como criadora de outros males.;563
2053;1;A;Os dados indicam como pacotes e serviços são pensados para a promoção do turismo.;564
2054;4;B;A década de 1990 assistiu ao estímulo do turismo com expectativas de redução de disparidades.;564
2055;0;C;Telenovelas como ”Pantanal” destacaram-se pelo pioneirismo nos debates ambientais.;564
2056;5;D;As telenovelas são fontes de inspiração de comportamentos e promoção de itens de consumo.;564
2057;0;A;O decréscimo da imigração permitiu ao governo ação eficaz contra a perda de ideais nacionais.;565
2058;1;B;Os materiais didáticos foram utilizados como meio de propaganda na Era Vargas.;565
2059;4;C;O formato do sistema de ensino refletiu os interesses e objetivos políticos do governo.;565
2060;5;D;A preocupação em conter animosidades religiosas visava consolidar um discurso homogêneo.;565
2061;4;A;Faz referência à exibição proibida do Balé Bolshoi por risco de leitura comunista.;566
2062;0;B;Reconhece que o salário dos censores faz jus à sua importância na moralidade nacional.;566
2063;5;C;Ironiza o despreparo intelectual dos censores e a necessidade de alienação cultural.;566
2064;1;D;Narra o projeto de se tornar censor para poder ter acesso a obras vetadas.;566
2065;1;A;Documentos da CIA permitem entender o papel estratégico do Nordeste na Guerra Fria.;567
2066;5;B;A metáfora da cruzada reforça como a doutrina cristã embasava o anticomunismo.;567
2067;0;C;A ocupação militar estadunidense ocorreu no Maranhão (Base de Alcântara).;567
2068;4;D;O documento indica a estratégia de criação de um inimigo comum: os comunistas.;567
2069;5;A;Identificam uma estrutura que foi adquirindo diferentes funções e sentidos históricos.;568
2070;1;B;Registram as transformações do lugar desde o desembarque de D. Pedro II em Aracaju.;568
2071;4;C;Apresentam um bem arquitetônico tombado como patrimônio histórico sergipano.;568
2072;0;D;Evidenciam as intervenções que o descaracterizaram e tornam questionável o tombamento.;568
2073;4;A;A Lei do Impeachment permite impugnar mandatos por conduta incompatível com a dignidade.;569
2074;1;B;O Golpe de 1964 efetivou-se com o respaldo do Senado e do STF.;569
2075;5;C;O conceito de Golpe aplica-se ao impeachment conduzido de forma excepcional.;569
2076;0;D;O impeachment ocorreu duas vezes no Brasil, sendo situação isolada na América Latina.;569
2077;4;A;A luta dos Munduruku pela proteção do território repercutiu mundo afora.;571
2078;4;B;O jabuti e a anta são parte da cosmovisão de resistência dos Munduruku.;571
2079;1;C;A HQ mobiliza diferentes linguagens para difundir a pauta histórica dos Munduruku.;571
2080;0;D;Os Munduruku recusam serviços como saúde e escola por virem dos homens brancos.;571
2081;1;A;É possível conhecer a história de Benedicto graças ao processo judicial contra ele.;572
2082;0;B;Não houve mudanças na condição jurídica de negros após a abolição (sistema segregacionista).;572
2083;4;C;Benedicto foi visto como suspeito pois práticas escravistas permeavam o pós-abolição.;572
2084;5;D;O Estado aparece como mediador da negociação cotidiana envolvendo negros na nova ordem.;572
2085;5;A;Publicado em 1953, teve conotações de resistência contra o terrorismo de Estado.;573
2086;4;B;Menciona o Conde de Assumar que mandou queimar casas no “Morro da Queimada”.;573
2087;0;C;Chama Ouro Preto de Ouro Podre por conta das sublevações frequentes.;573
2088;1;D;Trata da morte de Felipe dos Santos, enforcado e esquartejado.;573
2089;0;A;O caráter da expedição de 1913 era militar devido a investidas bolivianas.;574
2090;5;B;A construção do Forte no século XVIII assinala tensões entre Portugal e Espanha.;574
2091;4;C;O Real Forte do Príncipe da Beira é a maior edificação militar fora da Europa até então.;574
2092;1;D;As fotografias indicam que as muralhas continuavam conservadas apesar da vegetação.;574
2093;0;A;Agências estatais de censura são elementos exclusivos à Ditadura Militar no Brasil.;575
2094;1;B;A partir de 1970, a polícia federal poderia vetar obras literárias antes de virem a público.;575
2095;5;C;“Moral e bons costumes” são conceitos subjetivos que variam segundo a época.;575
2096;4;D;Restringir direitos com exceções vagas permitia aos agentes agir sob pretexto da lei.;575
2097;4;A;Aponta a presença maciça de classes menos favorecidas na festa maranhense.;576
2098;0;B;O periodista descreve a festa em detalhes sem emitir opiniões pessoais.;576
2099;5;C;Refere-se a uma festa que mescla catolicismo europeu com práticas afro-brasileiras.;576
2100;1;D;Descreve a festa do Divino Espírito Santo em Alcântara (1874) conduzida por caixeiras.;576
2101;1;A;O quadro é uma releitura da obra “O beijo” de Gustav Klimt.;577
2102;4;B;O cenário com mandacarus, lagartos e crânio de boi remete ao sertão nordestino.;577
2103;0;C;O título da obra é uma homenagem à música “Menestrel do sol” de Luiz Gonzaga.;577
2104;5;D;Objetos de couro e o mosaico de imagens podem ser associados ao cotidiano do cangaço.;577
2105;5;A;Estudos sobre a Guerrilha do Araguaia ainda enfrentam tentativas de apagamento.;578
2106;1;B;A pesquisa no Bico do Papagaio demonstra estratégias de violência estatal na ditadura.;578
2107;4;C;A ação militar em Xambioá levou ao desmatamento e à política de medo.;578
2108;0;D;Negociações entre militares e indígenas criaram redes de parceria contra guerrilheiros.;578
2109;4;A;A linguagem da mensagem era natural entre colegas de igual escolaridade na época.;579
2110;1;B;Com expressões de carinho, a estudante expressa incerteza e apego à vida escolar.;579
2111;5;C;Para muitas mulheres, o ensino médio era a última fase antes das obrigações domésticas.;579
2112;0;D;A autora confiava que seu texto seria lido como documento histórico sobre jovens.;579
2113;4;A;A estátua anterior era obra do escultor Etewaldo Santiago e tinha quase 20 anos.;581
2114;5;B;A nova estátua simboliza a resistência das religiões de matriz africana em Natal.;581
2115;0;C;A presença de diferentes grupos religiosos indica a democracia racial no Brasil.;581
2116;1;D;A maior imagem de Iemanjá do RN foi inaugurada na Praia do Meio.;581
2117;5;A;Ilustram práticas populares que interpretam culturas indígenas e africanas.;582
2118;0;B;Enquadram os dois grupos para tornar evidente a violência que praticavam.;582
2119;1;C;Registram grupos carnavalescos performáticos que encenavam nas ruas.;582
2120;4;D;Aproximam-se temporalmente da Missão de Pesquisas Folclóricas de 1938.;582
2121;4;A;Posse de terra e pureza de sangue eram itens para ser “homem bom”.;583
2122;1;B;O conceito de cidadania na idade moderna difere do utilizado hoje.;583
2123;5;C;O reconhecimento como cidadão passava por uma rede de privilégios.;583
2124;0;D;O elevado número de cidadãos garantia autonomia política em relação à metrópole.;583
2125;0;A;A cerimônia expressa o receio do presidente com o comunismo no Brasil.;584
2126;4;B;Em sua fala, o condecorado desloca a honraria do individual para o coletivo.;584
2127;1;C;Observa-se a pose adequada e o clima amistoso entre Jânio e Che.;584
2128;5;D;A entrega da comenda expressava a Política Externa Independente (PEI).;584
2129;1;A;É definido por um grande volume de concreto branco com poucas aberturas.;585
2130;5;B;Seu aspecto escultórico o aproxima de tendências do modernismo arquitetônico.;585
2131;0;C;O arquiteto reproduziu aspectos do Guggenheim de Nova Iorque.;585
2132;4;D;Abriga parte da obra de Iberê Camargo.;585
2133;0;A;A polêmica foi intensificada por HQs em uma Bienal do Livro.;586
2134;4;B;A organização da Bienal associou diversidade à democracia.;586
2135;5;C;A acusação de “conteúdo impróprio” vai contra a decisão do STF.;586
2136;1;D;Houve mobilização contra a tentativa de impedir a circulação da revista.;586
2137;1;A;As regiões com mais terras demarcadas são o norte e o centro-oeste.;587
2138;5;B;Indígenas têm a posse permanente, mas não a propriedade (bens da União).;587
2139;0;C;A evangelização de populações indígenas está de acordo com o art. 231.;587
2140;4;D;Mesmo demarcadas, as terras continuam sob ameaça (casos Waiãpi e Guajajara).;587
2141;1;A;O reconhecimento de privilégios por brancos é parte da luta contra o racismo.;588
2142;5;B;O combate ao racismo passa pela percepção das violências históricas.;588
2143;0;C;A ausência de negros nos mesmos espaços impede que brancos combatam o racismo.;588
2144;4;D;A escravização invisibilizou as especificidades étnicas negras.;588
2145;5;A;Remete a um cotidiano feminino de anonimato e invisibilidade.;589
2146;4;B;Apresenta os possíveis papéis desempenhados pelas mulheres na família.;589
2147;0;C;O cotidiano narrado é simples pois reflete a pouca escolaridade da autora.;589
2148;1;D;Sua autora publicou seu primeiro livro aos 75 anos de idade.;589
2149;4;A;um médico e uma médica...;593
2150;5;B;ciência e defesa da vida lutam contra a propagação da doença e o desejo de morte.;593
2151;0;C;o personagem com a pele verde auxilia os esforços científicos do governo federal.;593
2152;1;D;a faixa presidencial de um personagem contrapõem-se à capa de super-herói...;593
2153;5;A;Tornar os festejos do Matuto em patrimônio...;594
2154;4;B;O termo matuto designa aquele que mora no campo. Pode ser usado com tom pejorativo...;594
2155;1;C;O casamento do Matuto é uma encenação popular presente nos festejos juninos...;594
2156;0;D;Os elementos físicos do casamento... foram registrados no livro de registro...;594
2157;1;A;Os vídeos institucionais conjugam música, imagens do edifício-monumento...;595
2158;0;B;O Museu do Ipiranga passa por uma obra de restauro...;595
2159;4;C;O Museu Paulista tornou-se um espaço de valorização da memória bandeirante...;595
2160;5;D;O Museu do Ipiranga configura-se como um lugar de construção de memórias históricas.;595
2161;0;A;Mário de Andrade e Câmara Cascudo mantiveram correspondência por anos...;596
2162;4;B;O modernismo brasileiro não se limitou ao Sudeste...;596
2163;5;C;Mário de Andrade se alinha às concepções dos manifestos Pau-brasil e Antropofágico.;596
2164;1;D;As cartas mostram a relação de amizade construída entre Câmara Cascudo...;596
2165;1;A;Cenário-personagem do documentário AmarElo...;597
2166;5;B;Emicida contribui no processo de construção de uma nova narrativa da história do Brasil.;597
2167;4;C;Das escadarias, em 1978...;597
2168;0;D;Ainda que Emicida não tenha sido a primeira pessoa negra...;597
2169;5;A;chama a atenção para a corrupção identificada como “jeitinho brasileiro”.;598
2170;0;B;demonstra o apoio ao governo de José Sarney...;598
2171;1;C;apresenta uma imagem de um país em que as desigualdades...;598
2172;4;D;faz uma crítica ao Brasil dos primeiros anos da redemocratização...;598
2173;4;A;O Massacre de Ipatinga... ocorreu em 7 de outubro de 1963...;599
2174;1;B;O documento é um folheto que convida a população a um ato em 1984.;599
2175;5;C;As péssimas condições de segurança expressam um projeto de modernidade...;599
2176;0;D;A ilustração presente no documento faz alusão ao Massacre de Ipatinga...;599
2177;4;A;Os mapas indicam a opção pelo desenvolvimento atrelado às indústrias e fronteiras agrícolas.;600
2178;5;B;Os mapas demonstram que a construção de rodovias...;600
2179;1;C;Ao compor uma série histórica...;600
2180;0;D;A série histórica dos mapas indica a vitória das rodovias...;600
2181;0;A;Dos conflitos entre a oligarquia açucareira e a elite mercantil...;601
2182;4;B;A identidade associada ao local de nascimento...;601
2183;1;C;O termo “mascate” utilizado pela aristocracia de Olinda...;601
2184;5;D;Grupo de Olinda (posse de terras) vs Grupo de Recife (comércio e crédito).;601
2185;1;A;As aposentadorias compulsórias causaram prejuízo ao campo científico nacional...;602
2186;0;B;Os cientistas do Instituto Oswaldo Cruz eram isentos de posicionamentos políticos...;602
2187;5;C;Governos ditatoriais perseguem cientistas e desarticulam pesquisas...;602
2188;4;D;O Massacre de Manguinhos (1970) relaciona-se ao contexto de repressão política.;602
2189;4;A;Publicações como “Criança Amarela” discutem identidade e xenofobia.;604
2190;1;B;Discute a representatividade de jovens descendentes de asiáticos (“japas”).;604
2191;0;C;O autor deixa claro que não há distinção entre tratamento a europeus e asiáticos.;604
2192;5;D;Frases ditas ao garoto indicam estigmas contra descendentes de Coreia, China e Japão.;604
2193;5;A;Azevedo Sodré viu a política sanitarista como limitada e criticou a falta de planejamento.;605
2194;0;B;Não foi possível conter a gripe espanhola devido ao desconhecimento sobre a transmissão.;605
2195;1;C;Discurso de um médico alertando sobre o risco de epidemias após a 1ª Guerra.;605
2196;4;D;O governo deveria estar atento às doenças que se espalhavam pelo mundo.;605
2197;0;A;A imagem de Belmonte foi usada como cartaz de abertura da Semana de 22.;606
2198;5;B;Artistas são representados com ironia tocando instrumentos em esforço barulhento.;606
2199;4;C;Personalidades representadas criaram um movimento com mecenato da elite paulista.;606
2200;1;D;A charge traz artistas do movimento e quadros que referenciam o modernismo.;606
2201;1;A;A educação feminina era desejável apenas nos níveis elementares.;607
2202;5;B;Debates indicam concepções da época sobre desigualdades “naturais” entre sexos.;607
2203;0;C;Dificuldade feminina para exatas e propensão aos cuidados era fato científico da época.;607
2204;4;D;Mulheres influentes na história são usadas como fato de exceção em argumentos moralistas.;607
2205;5;A;A música rejeita representações estáticas do indígena consolidadas em livros didáticos.;608
2206;0;B;A adoção de tecnologias contemporâneas altera as identidades originais.;608
2207;4;C;Conexão entre passado e presente indígena ressaltando violências e resistências.;608
2208;1;D;Composição como exercício de celebração das tradições indígenas brasileiras.;608
2209;0;A;Cédulas carimbadas perdem valor financeiro e são recolhidas pelo Banco Central.;609
2210;4;B;A proposta artística se constrói enquanto circula entre a população.;609
2211;1;C;Cildo Meireles usa o projeto Inserções em circuitos ideológicos para gerar reflexões.;609
2212;5;D;As provocações tratam da permanência da violência estatal na redemocratização.;609
2213;1;A;O anúncio e a notícia referem-se à Katharine Dunham em São Paulo em 1950.;610
2214;0;B;Katharine Dunham foi quem promoveu a fundação do Teatro Experimental do Negro (TEN).;610
2215;5;C;O ocorrido permite questionar a existência de uma democracia racial no Brasil.;610
2216;4;D;Dunham denunciou o hotel e as repercussões fomentaram a lei antirracista de 1951.;610
2217;1;A;Manchete testemunha o ápice da hiperinflação na década de 1980.;611
2218;4;B;Classe trabalhadora foi afetada pelo aumento constante de preços dos alimentos.;611
2219;0;C;A quebra da bolsa de NY em 1984 foi o detonador da crise no Brasil.;611
2220;5;D;Gastos do regime militar e crise do petróleo são fatores que explicam a inflação.;611
2221;4;A;Independência envolveu grupos civis/militares e articulação com o governo no Rio.;612
2222;1;B;Autos de Benevente descrevem a independência como reação às Cortes de Lisboa.;612
2223;5;C;Processos históricos consolidam-se após as datas escolhidas como marco.;612
2224;0;D;Representantes elegeram D. Pedro por voto provincial como primeiro imperador.;612
2225;0;A;O tráfico Rio-Angola era mais lucrativo pela viagem curta e melhor alimentação.;613
2226;5;B;Tráfico envolvia rede complexa entre Portugal, África e Brasil.;613
2227;1;C;Era prática empresarial de altos riscos (pirataria, enfermidades, intempéries).;613
2228;4;D;Sucesso ligado ao tempo entre o apresamento e a chegada ao Rio de Janeiro.;613
2229;0;A;voltou clandestinamente ao país...;615
2230;1;B;retornou do exílio ainda na Ditadura...;615
2231;5;C;enfrentou a oposição de governos...;615
2232;4;D;foi exilado durante a Ditadura Civil-militar...;615
2233;1;A;A tela representa o processo de aprendizagem...;616
2234;5;B;Retratar os alunos como pequenos...;616
2235;4;C;A vista da janela cria na cena uma dicotomia...;616
2236;0;D;O quadro refere-se ao Movimento Brasileiro de Alfabetização (MOBRAL)...;616
2237;5;A;O nacionalismo presente no livro foi característico...;617
2238;0;B;Ao exaltar a figura do imperador...;617
2239;4;C;Seguindo um costume também presente em outros países...;617
2240;1;D;A leitura da dedicatória à obra indica...;617
2241;4;A;A denúncia realizada por Anna [Dal] Uchoa...;618
2242;1;B;Os documentos correspondem a diferentes partes do processo...;618
2243;0;C;Denúncias como a apresentada no processo...;618
2244;5;D;Acusações que envolviam delitos morais relacionados à sexualidade...;618
2245;5;A;O cerne do experimento está na tensão...;619
2246;1;B;Tinha como intuito estudar o comportamento diante da quebra de normas.;619
2247;0;C;O conflito entre artista e procissão ficou conhecido...;619
2248;4;D;Flávio de Carvalho, artista do modernismo brasileiro...;619
2249;1;A;A artista invoca a ideia de ancestralidade indígena...;620
2250;0;B;Os trabalhos da artista Gê Viana não são voltados para o circuito de arte...;620
2251;4;C;As obras são caracterizadas pelo uso de fotomontagens...;620
2252;5;D;O foco consiste nos corpos e identidades desvalorizados...;620
2253;4;A;Há uma tradição na imagem construída de Tiradentes...;621
2254;5;B;Papéis heróicos atribuídos a figuras masculinas como messias.;621
2255;0;C;O repente mostra como Jesus e Tiradentes são representados...;621
2256;1;D;O repente aproxima duas figuras masculinas...;621
2257;5;A;Ao comentar a origem dos modelos de vestuário...;622
2258;4;B;Ao explicar a origem, o jornal marca uma posição social...;622
2259;1;C;O artigo indica às suas leitoras de onde são retirados os modelos...;622
2260;0;D;O jornal chama a atenção para o aparecimento da indústria...;622
2261;0;A;O Pantanal não pôde ser classificado como Patrimônio Natural.;623
2262;4;B;A ocupação e atividade agropecuária consolidaram o Pantanal.;623
2263;5;C;Relação entre geografia, economia e o modo de vida pantaneiro.;623
2264;1;D;As águas de Janeiro fazem alusão ao alagamento...;623
2265;1;A;Relacionados aos imperialismos europeus...;624
2266;0;B;Ideais como o progresso tiveram pouca influência no Brasil...;624
2267;5;C;O progresso é compreendido como uma lei incontornável...;624
2268;4;D;O conceito de progresso no século XIX hierarquiza sociedades.;624
2269;4;A;As imagens da HQ apresentam a cosmogonia...;625
2270;5;B;Nas religiões de matriz africana cultuam-se forças da natureza...;625
2271;4;C;No último quadro da página temos representações...;625
2272;0;D;O culto a Iemanjá está ligado ao sincretismo...;625
2273;4;A;Era comum ouvir opiniões médicas sobre o tema.;627
2274;0;B;Atualmente o uso pelas Forças Armadas não é recomendado.;627
2275;1;C;Benefícios para a saúde são o maior argumento...;627
2276;5;D;Evidenciam o processo de industrialização...;627
2277;0;A;Atividade tipicamente feminina sem risco...;628
2278;4;B;Mulheres responsáveis por separar manualmente...;628
2279;1;C;Mulheres empunham picaretas...;628
2280;4;D;Medidas de incentivo promoveram concentração...;628
2281;1;A;Texto permite inferir condições difíceis...;629
2282;0;B;Exemplo de literatura menor...;629
2283;5;C;Expressão “nordestinado não” critica a naturalização da miséria.;629
2284;4;D;Patativa foi importante artista cearense...;629
2285;4;A;Primeira aparição da lenda do curupira...;630
2286;1;B;Descrevendo seres como o boitatá...;630
2287;5;C;Anchieta interpreta-os como demônios...;630
2288;0;D;Igpupiára ser metade mulher metade crocodilo...;630
2289;0;A;Apurações conduzidas e prisão de empreiteiros...;631
2290;5;B;Ênfase em obras monumentais criou proximidade com o povo.;631
2291;4;C;Inspiração para “O bêbado e a equilibrista”...;631
2292;1;D;Notícias afirmam a necessidade de apurar responsabilidades.;631
2293;5;A;Só foi possível ser tema por atos heroicos...;632
2294;4;B;Representações recorrentes os tratavam como anônimos.;632
2295;0;C;Recebeu do Imperador a alforria...;632
2296;1;D;Retrato em três quartos com peito à mostra...;632
2297;0;A;Recuperação e invenção de relíquias...;633
2298;4;B;Influência dos diretores sobre acervos...;633
2299;1;C;Criação de um museu que é marco comemorativo...;633
2300;5;D;Evocação de eventos passados para lugar de memória...;633
2301;5;A;Impactos no reconhecimento científico...;634
2302;1;B;Participação feminina não é coerente com a porcentagem populacional.;634
2303;4;C;Senso comum usa argumentos biológicos para afastar mulheres das exatas.;634
2304;0;D;Brinquedos não divididos são a solução única...;634
2305;1;A;Existência de programas exclusivos...;635
2306;0;B;Responsáveis por erradicar práticas racistas...;635
2307;5;C;Liderança negra de 4,7% é reflexo do racismo estrutural.;635
2308;4;D;Programas são exemplos de ações afirmativas...;635
2309;4;A;Eclodiu devido à Lei dos Prefeitos...;636
2310;4;B;Atingiu locais como Vargem Grande e Caxias...;636
2311;5;C;Ausência de estudos pela prevalência de líderes subalternos.;636
2312;0;D;Classes subalternas mantiveram fidelidade ao governo.;636
2313;5;A;Redes de solidariedade internacional contra a ditadura.;637
2314;0;B;Catolicismo da Teologia da Libertação presente na letra.;637
2315;4;C;Melodia mistura ritmos latinos e folk...;637
2316;1;D;Regravada nos anos 80 por Milton e Beth...;637
2317;5;A;É possível traçar um elo entre a sociedade patriarcal e a naturalização da violência.;641
2318;0;B;As Ordenações consideravam legítimo o assassinato da esposa adúltera pelo marido.;641
2319;1;C;No Brasil, homens e mulheres não eram iguais perante a lei nos textos apresentados.;641
2320;4;D;Nos Códigos de 1830 e 1890, o marido é adúltero se sustentar financeiramente a amante.;641
2321;4;A;A cabeça sugere a fusão de Mário de Andrade com Grande Otelo (Macunaíma de 1969).;642
2322;5;B;O artista indígena ”antropofagiza a Antropofagia” modernista e suas técnicas.;642
2323;0;C;O bilhete exalta as referências europeias e a relação harmoniosa com indígenas.;642
2324;1;D;Urucum, pimenta, milho e mandioca convidam a pensar na importância das referências indígenas.;642
2325;4;A;O fóssil de Ubirajara jubatus foi retirado ilegalmente do Brasil em 1995.;643
2326;1;B;O conjunto de imagens revela como a internet amplia discussões científicas.;643
2327;5;C;O argumento de que países em desenvolvimento não preservam bens é colonialista.;643
2328;0;D;Museus do norte global restituíram bens obtidos ilegalmente aos países de origem.;643
2329;0;A;responsabiliza a luta ancestral entre brancos e indígenas pela destruição das florestas.;644
2330;4;B;adota a linguagem musical do rap como forma contemporânea de protesto de indígenas.;644
2331;1;C;denuncia o processo de colonização no Brasil e associa a destruição da natureza a ele.;644
2332;5;D;desafia o senso comum de que os indígenas não possuem nem podem utilizar tecnologias.;644
2333;1;A;apresenta aspectos da cultura alimentar paraibana entre os séculos XVI e XX.;645
2334;0;B;refuta o argumento de que a fome na Paraíba explica-se pelos ciclos econômicos.;645
2335;5;C;propõe uma análise historiográfica baseada na longa duração e costumes locais.;645
2336;4;D;aponta para problemas associados à monocultura desde a administração holandesa.;645
2337;5;A;A defesa das amas de leite torna os corpos das mulheres um objeto de domínio masculino.;646
2338;1;B;Os manuais versam sobre o nascimento a partir de uma perspectiva obstétrica.;646
2339;4;C;Críticas às práticas populares transportam o parto para o campo da Medicina e Higiene.;646
2340;0;D;Manuais visavam extinguir procedimentos sem comprovação científica no Império.;646
2341;0;A;registra os países da América do Sul após as independências como repúblicas.;647
2342;5;B;possui observações subjetivas e discriminatórias como “grau de civilização”.;647
2343;1;C;apresenta dados populacionais, religião e forma de governo de diversos países.;647
2344;4;D;demonstra o aspecto político e moral de mapas baseados em noções cristãs.;647
2345;1;A;é composto por um prédio sinuoso, rampa curva vermelha e estátua de um homem.;648
2346;5;B;apropria-se da arquitetura moderna para incorporar evento anterior à fundação da cidade.;648
2347;4;C;está localizado próximo ao centro geodésico do país.;648
2348;0;D;celebra a memória de Luis Carlos Prestes Maia, militar e comunista brasileiro.;648
2349;0;A;A Sociedade Auxiliadora da Indústria Nacional era partidária do regime escravista.;649
2350;4;B;Atuou como órgão consultivo do governo imperial até 1860.;649
2351;5;C;Endossou a tese da “vocação agrícola” e defendeu modernização racional da agricultura.;649
2352;1;D;O documento é um discurso que retoma o contexto de surgimento da Sociedade.;649
2353;4;A;Dados oficiais apontam que o eleitorado feminino foi decisivo para a eleição em 2018.;650
2354;1;B;Reportagens registram declarações misóginas e violentas contra inimigos e família.;650
2355;0;C;O eleitorado feminino não estava ciente das declarações mencionadas em 2018.;650
2356;5;D;A tradição de violência permite que ofensas sejam vistas como piadas ou irreverências.;650
2357;1;A;A imagem mostra o curador Artur Zmijewski “pixado” por brasileiros em 2012.;652
2358;5;B;A pixação é uma intromissão gráfica com intuito de contestação do status quo.;652
2359;0;C;Diferentemente do pixo, o grafite tem maior interesse estético e origem distinta.;652
2360;4;D;A pixação é considerada vandalismo e crime ambiental no Brasil (Lei 9.605/98).;652
2361;5;A;Replica descrições coloniais que dividem o Brasil entre edenização e demonização.;653
2362;4;B;Traz referências gregas e cristãs e confere caráter heroico ao lidar com indígenas.;653
2363;1;C;Trata do jesuíta José de Anchieta e sua missão de catequizar no século XVI.;653
2364;0;D;Ressalta o papel do religioso nas entradas e bandeiras e descoberta de minas.;653
2365;4;A;Produzido a partir das memórias do missionário Daniel P. Kidder no Brasil.;654
2366;0;B;Demonstra interesse em fundar universidades em locais de ensino avançado no Brasil.;654
2367;5;C;Aponta para interesses de propagar o protestantismo e verificar exploração econômica.;654
2368;1;D;Descreve Sergipe como a menor província, bem organizada, mas com justiça morosa.;654
2369;5;A;permitem verificar avanços das discussões sobre gênero e igualdade.;655
2370;1;B;apresentam discursos sobre o futebol feminino que ora se aproximam, ora se opõem.;655
2371;4;C;Um texto utiliza a sexualização como chamariz, o outro discute o preconceito.;655
2372;0;D;Futebol torna-se mais igualitário com a profissionalização da categoria feminina.;655
2373;1;A;descreve um animal (jaguaretê) e formas de captura utilizadas pelos indígenas.;656
2374;0;B;demonstra o desconhecimento do autor através de analogias com mamíferos europeus.;656
2375;4;C;apresenta características físicas da onça pintada, maior felino das Américas.;656
2376;5;D;propõe dar a conhecer na Europa a colônia, incluindo seres reais e míticos.;656
2377;0;A;determina que judeus vivam juntos de forma isolada em uma cidade no sul do Brasil.;657
2378;5;B;aponta a restrição de direitos judeus, demonstrando a ideologia nazista no país (1930).;657
2379;1;C;Associação Brazil Livre propõe restrições à permanência de judeus no território nacional.;657
2380;4;D;Decreto-Lei 406 de 1938 regulamenta a entrada de estrangeiros no Brasil.;657
2381;4;A;Nossa Senhora do Rosário e São Benedito exemplificam a aproximação com afrodescendentes.;658
2382;1;B;A requisição de 1828 visava licença para a Irmandade de São Benedito em Cuiabá.;658
2383;5;C;Irmandades funcionavam como redes de sociabilidade e solidariedade negra.;658
2384;0;D;Irmandades Negras são um movimento exclusivo de São Paulo.;658
2385;0;A;O programa A Voz do Brasil permanece de veiculação obrigatória às 19 horas.;659
2386;4;B;Em 2022 comemorou-se o centenário da primeira transmissão de rádio no país (1922).;659
2387;5;C;A rádio continua um meio de informação e comunicação fundamental no Brasil.;659
2388;1;D;O programa Alô Alô Amazônia é exemplo de rádio como utilidade pública.;659
2389;4;A;Napoleão Bonaparte e caudilhos também foram representados com botas de montaria.;660
2390;0;B;Debret pinta D. João VI e D. Pedro I de maneira semelhante (hereditariedade).;660
2391;1;C;O registro de Debret permite identificar elementos simbólicos na indumentária.;660
2392;5;D;O traje de D. Pedro I traduz seu poder e capacidade de conciliar interesses.;660
2393;5;A;Discursos médicos tratavam a mulher emancipada como uma degenerada.;661
2394;1;B;A canção pode ser interpretada como um manifesto feminista que rompe normativas.;661
2395;4;C;A adoção do sobrenome do marido passou a ser facultativa apenas em 1977.;661
2396;0;D;Adjetivos como “triste” e “louca” para mulheres desafiadoras pararam apenas no séc. XXI.;661
2397;1;A;À atuação e intervenção política de mulheres negras por meio da arte.;663
2398;0;B;Ao feminismo que, desde o século XIX, defende a representatividade negra.;663
2399;4;C;À história escrita por sujeitos que estiveram à margem das narrativas oficiais.;663
2400;5;D;Às estratégias de enfrentamento mobilizadas por lideranças coletivas.;663
2401;5;A;"Di Cavalcanti hiperssexualiza a “mulata”; Heitor dos Prazeres foca no cotidiano.";664
2402;1;B;"Primeira tela erotiza o samba; segunda mostra o samba como lazer negro.";664
2403;4;C;"”Samba no terreiro” expressa racionalidade; Di Cavalcanti usa formas voluptuosas.";664
2404;0;D;"Ambos estudaram em academias; Heitor foi redescoberto recentemente.";664
2405;4;A;A exploração é uma marca na história social do trabalho no Brasil.;665
2406;5;B;A precarização do trabalho deve ser pensada em sua historicidade.;665
2407;0;C;A uberização do trabalho é uma conquista ocasionada pela pandemia.;665
2408;1;D;A pandemia de Covid-19 evidenciou desigualdades sociais e raciais.;665
2409;0;A;Destina às mulheres um papel inferior, restritas ao trabalho doméstico.;666
2410;4;B;Narrativa comum entre viajantes que imaginavam os novos territórios para europeus.;666
2411;5;C;Caracterizações dizem respeito a valores europeus atribuídos aos “selvagens”.;666
2412;1;D;Trata-se da obra “Viagem à terra do Brasil” do francês Jean de Léry (séc. XVI).;666
2413;1;A;A fotografia captura uma mulher falando a uma multidão masculina.;667
2414;0;B;Fotografias de mulheres eram incomuns em revistas como A Cigarra.;667
2415;4;C;Análise cruzada das fontes permite obter informações sobre o evento.;667
2416;5;D;Registros exemplificam a militância de mulheres operárias.;667
2417;0;A;utilizou a imprensa internacional para criticar o governo de Epitácio Pessoa.;668
2418;1;B;analisa criticamente o contexto do centenário (1922) e a censura à imprensa.;668
2419;5;C;ampara-se numa rede feminina transnacional para oferecer contraponto aos discursos oficiais.;668
2420;4;D;menciona a Revolta do Forte de Copacabana contra a política oligárquica.;668
2421;5;A;permitiu elaborar novas hipóteses sobre a presença do homem nas Américas.;669
2422;4;B;incluído pela UNESCO como Patrimônio Mundial em 1991 e pelo IPHAN em 1993.;669
2423;1;C;abriga desenhos de homens, animais, caça e cenas rituais.;669
2424;0;D;valorizado por Niède Guidon, figura-chave na escavação das pinturas.;669
2425;4;A;Constrói imagem positiva de D. Pedro II contra a tirania de Solano López.;670
2426;1;B;Diálogo refere-se à Guerra do Paraguai (Tríplice Aliança vs Paraguai).;670
2427;0;C;O resgate de D. Pedro II como líder estratégico é inédito na historiografia.;670
2428;5;D;Fala do imperador contrasta com o alistamento compulsório de vulneráveis e escravos.;670
2429;0;A;Relatos demonstram a ignorância sobre personagens da literatura clássica.;671
2430;5;B;Literatura e cinema propõem temas recorrentes e moldam percepções.;671
2431;1;C;Documentos trazem visões diversas sobre vampiros tomados como reais.;671
2432;4;D;Mesmos temas podem ser apropriados com diferentes objetivos ao longo do tempo.;671
2433;1;A;O conto ”Urupês” (1914) traz o Jeca Tatu, fruto da miscigenação.;672
2434;5;B;Jeca Tatu é descrito como ”degeneração das raças” (eugenia e determinismo).;672
2435;4;C;Lobato critica a visão romântica/indianista dos indígenas.;672
2436;0;D;Comparação com europeus confirma a inferioridade do Jeca Tatu.;672
2437;5;A;Filosofias intolerantes devem ser suprimidas por ameaçarem a tolerância.;673
2438;0;B;O discurso de ódio minoritário deve ser aceito pela liberdade de expressão.;673
2439;1;C;O discurso de ódio tem uma aparência falsamente inofensiva na origem.;673
2440;4;D;A incitação à intolerância é criminosa.;673
2441;4;A;Carlos Heitor Cony...;675
2442;1;B;Tanto a estrutura do poema...;675
2443;0;C;O poema, escrito no Chile...;675
2444;5;D;As ideias de liberdade...;675
2445;0;A;A mensagem contida...;676
2446;5;B;O ato de associar indígenas ao passado é uma forma de invisibilização.;676
2447;4;C;Ao correlacionar povos indígenas à preguiça, o texto reforça preconceitos.;676
2448;1;D;O texto vincula o emprego de tecnologias à perda da identidade.;676
2449;1;A;O texto apresenta argumentos favoráveis à educação feminina.;677
2450;0;B;O título ”doutor honoris causa” para Antonieta de Barros foi pioneiro.;677
2451;5;C;Os argumentos que embasaram a lei foram de ordem moral e religiosa.;677
2452;4;D;Antonieta de Barros foi responsável pela criação do Dia do Professor.;677
2453;1;A;A formação da cidade de Ceilândia está ligada à remoção de favelas de Brasília.;678
2454;4;B;O nome Ceilândia deriva da sigla CEI (Campanha de Erradicação de Invasões).;678
2455;0;C;Promessas de melhorias urbanas nem sempre foram cumpridas na fundação.;678
2456;5;D;A despeito do dinamismo, a cidade carrega estigmas de segregação espacial.;678
2457;4;A;destaca o protagonismo negro na Revolta da Vacina.;679
2458;1;B;explica os conceitos de racismo científico e eugenia no Brasil.;679
2459;5;C;aborda os processos do racismo estrutural na saúde pública.;679
2460;0;D;defende as ideias originais de Oswaldo Cruz contra críticas.;679
2461;5;A;A narrativa fetichista sobre a vida nos quilombos.;680
2462;4;B;Inaugurado em 1940 como monumento à colonização.;680
2463;0;C;O texto, parte de um manual de civilidade, instrui o comportamento feminino.;680
2464;1;D;De acordo com o autor, a mulher deve ser submissa e discreta.;680
2465;0;A;compreende que a padronização estética é uma forma de opressão.;681
2466;5;B;convida a pensar sobre a diversidade de corpos e a aceitação.;681
2467;1;C;constata que o acesso à moda é restrito por padrões de tamanho.;681
2468;4;D;trabalha com a discussão sobre gordofobia e pressão estética.;681
2469;5;A;Ao mencionar o “símbolo da irreverência cearense”, o texto destaca o humor.;682
2470;0;B;Transformada em tema de cordel, a história do bode Ioiô circulou amplamente.;682
2471;4;C;A “eleição” de Ioiô como vereador foi um protesto contra a política da época.;682
2472;1;D;O destaque dado ao bode Ioiô reflete a identidade cultural de Fortaleza.;682
2473;1;A;Francisca da Silva de Oliveira (Xica da Silva) desafiou as normas coloniais.;683
2474;5;B;O filme colaborou para a consolidação de uma personagem exótica e erotizada.;683
2475;4;C;O texto aponta para o processo de ascensão social de uma mulher negra.;683
2476;0;D;No filme, mesmo após a alforria, ela sofre preconceito da elite branca.;683
2477;5;A;Tem como central uma crítica à repressão da ditadura militar.;684
2478;0;B;Foi composta por Caetano Veloso durante seu exílio em Londres.;684
2479;1;C;É construída a partir da oposição entre o eu-lírico e o ambiente urbano.;684
2480;4;D;Exige do interlocutor conhecimento sobre o contexto político dos anos 70.;684
2481;0;A;O movimento #DeixaElaTrabalhar combate o assédio no jornalismo esportivo.;685
2482;5;B;A existência de campanhas reforça a necessidade de igualdade no trabalho.;685
2483;4;C;A campanha visa incentivar a presença feminina em espaços masculinizados.;685
2484;1;D;As situações de violência sofridas por jornalistas motivaram o manifesto.;685
2485;1;A;foi produzida na década de 1980...;689
2486;4;B;questiona a forma como a sociedade estereotipa...;689
2487;0;C;ajudou garimpeiros...;689
2488;5;D;tem a ver com a experiência de vida da fotógrafa...;689
2489;5;A;quando legitimados internacionalmente...;690
2490;0;B;têm atividades econômicas proibidas...;690
2491;4;C;são territórios nos quais a importância...;690
2492;1;D;Araripe, Seridó e Caminhos dos Cânions...;690
2493;4;A;introdução do cacau na alimentação...;691
2494;1;B;pasta de chocolate continha ingredientes...;691
2495;5;C;chocolate é um dos alimentos que integrou...;691
2496;0;D;América Portuguesa se transformou em núcleo...;691
2497;5;A;condição de indigência e sem-teto...;692
2498;1;B;Zé Bolo-flor foi personagem de Cuiabá...;692
2499;4;C;Figuras que vagueiam pelo espaço urbano...;692
2500;0;D;Zé Bolo-flor foi amparado pela prefeitura...;692
2501;0;A;remete à história dos esforços colonizadores...;693
2502;4;B;refere-se à canção de Zé Ramalho...;693
2503;1;C;cantado por uma mulher, dirige-se a outras...;693
2504;5;D;alude aos perigos da violência...;693
2505;1;A;Sua criação pode ser entendida como reação...;694
2506;5;B;São formas de organização comparáveis a sindicatos...;694
2507;4;C;O líder João Pedro Teixeira foi assassinado...;694
2508;0;D;Sufocadas na ditadura, deram origem à UDR...;694
2509;0;A;Critica a visão consolidada sobre o Brasil...;695
2510;1;B;Sugere características baseadas em estereótipos...;695
2511;5;C;Evidencia que os jogos são produções políticas...;695
2512;4;D;Simplifica personagens históricos para mecânicas...;695
2513;5;A;Apresentam estratégias de convencimento...;696
2514;4;B;São propagandas veiculadas n'O Careta...;696
2515;0;C;Não surtiram o efeito desejado...;696
2516;4;D;Inserem-se numa lógica de propaganda de sucesso...;696
2517;4;A;Moças só podiam frequentar eventos após debutar...;697
2518;0;B;Descrição das roupas era pouco utilizada...;697
2519;1;C;Tradição segue caracterizada por gênero...;697
2520;5;D;Espaços para manutenção de costumes e autopromoção...;697
2521;0;A;Demarca posicionamento em prol de cotas...;698
2522;4;B;Conta com a participação de personalidades negras...;698
2523;5;C;"Relação entre passado e presente e termo ""axé""...";698
2524;1;D;Comemora efeméride e enaltece heróis da liberdade...;698
2525;4;A;debate entre restauro e rasgos...;700
2526;1;B;destruição de bem público...;700
2527;0;C;ação motivada por fatores políticos...;700
2528;5;D;caracterizado como iconoclastia...;700
2529;0;A;resistência imposta pela branquitude...;701
2530;5;B;participação ativa da autora...;701
2531;1;C;apresenta mulheres de várias gerações...;701
2532;4;D;remete ao tráfico e vida escravista...;701
2533;1;A;Descreve elements urbanos...;702
2534;0;B;Retrata a cidade como lugar dinâmico...;702
2535;4;C;Integra o movimento manguebeat...;702
2536;5;D;Contrapõe aspectos materiais e sociais...;702
2537;4;A;projeto Marcas da Memória...;703
2538;5;B;preservação como lugares de memória...;703
2539;0;C;Prefeitura determinou instalação...;703
2540;1;D;Primeiro centro clandestino do Cone Sul...;703
2541;5;A;práticas imperialistas europeias...;704
2542;4;B;primeiras impressões e conflitos...;704
2543;1;C;trechos de diários de Maria Graham...;704
2544;0;D;papel predominante de mulheres europeias...;704
2545;1;A;diário publicado em 1824...;705
2546;0;B;primeira mulher a integrar o exército...;705
2547;5;C;influência da origem social...;705
2548;4;D;narra o encontro com Maria Quitéria...;705
2549;4;A;Escola Estadual Indígena Kijetxawê...;706
2550;0;B;reconhecimento por autodeclaração...;706
2551;1;C;esclarece dúvidas do Instagram...;706
2552;5;D;ocupação de espaços digitais e protagonismo...;706
2553;5;A;imagem reforça visão romântica...;707
2554;1;B;riqueza atraía pessoas de diversas regiões...;707
2555;4;C;concentração pela propriedade de escravizados...;707
2556;0;D;acesso à extração foi democrático...;707
2557;0;A;tradição de longa duração...;708
2558;4;B;contribuem para economia e redes sociais...;708
2559;5;C;legitimam aspectos do imaginário local...;708
2560;1;D;elementos da cultura urbana estratégica...;708
2561;1;A;expressa posição política frente aos brancos...;709
2562;4;B;mãe foi vítima de epidemias...;709
2563;0;C;conceito de desabamento do céu (física)...;709
2564;5;D;saber cosmológico questiona o progresso...;709
2565;1;A;Atualmente...;711
2566;4;B;Desde a chegada...;711
2567;0;C;A contribuição...;711
2568;5;D;A interpretação do Marco Temporal...;711
2569;0;A;Exalta a riqueza...;712
2570;5;B;denuncia a pobreza urbana...;712
2571;4;C;Sugere que a desigualdade...;712
2572;1;D;É uma crítica exclusiva...;712
2573;5;A;Trata-se de um...;713
2574;1;B;faz parte de um livro...;713
2575;0;C;É um documento de...;713
2576;4;D;Foi produzido por...;713
2577;4;A;As orientações...;714
2578;0;B;O livro foca...;714
2579;5;C;Os exercícios...;714
2580;1;D;No item “Pais e Filhos”...;714
2581;5;A;evidenciam a incorporação...;715
2582;4;B;Demonstram que o...;715
2583;1;C;Apresentam visões...;715
2584;0;D;São documentos que...;715
2585;1;A;Um grupo de acendedores...;716
2586;5;B;Uma encenação...;716
2587;4;C;Trabalhadores de uma...;716
2588;0;D;Um protesto de...;716
2589;0;A;No período colonial...;717
2590;1;B;As Ordenações Filipinas...;717
2591;5;C;A existência de uma lei...;717
2592;4;D;O Estado incentivava...;717
2593;4;A;O filme mostra...;718
2594;0;B;A personagem Val...;718
2595;1;C;O acesso à...;718
2596;5;D;Relações de afeto...;718
2597;5;A;O site ignora...;719
2598;1;B;Documentos digitais...;719
2599;4;C;Divulgação científica...;719
2600;0;D;A história das revoltas...;719
2601;5;A;Jânio Quadros não...;720
2602;0;B;Pelé foi considerado...;720
2603;4;C;Formas de comunicação...;720
2604;1;D;O governo incentivava...;720
2605;1;A;Tenta reproduzir...;721
2606;5;B;Ao intervir sobre...;721
2607;0;C;Ignora a presença...;721
2608;4;D;Utiliza mapas antigos...;721
2609;0;A;denuncia a tensão...;723
2610;4;B;possibilita um olhar sensível...;723
2611;1;C;recorre a uma representação...;723
2612;5;D;contribui para uma reflexão...;723
2613;1;A;É direcionada para um público...;724
2614;5;B;reforça preconceitos...;724
2615;0;C;Era material comercial raro...;724
2616;4;D;Pressupõe tarefas domésticas...;724
2617;5;A;Demonstra que o objetivo...;725
2618;0;B;Explica expansão demográfica...;725
2619;1;C;Relaciona a migração...;725
2620;4;D;Destaca o pioneirismo...;725
2621;1;A;Afirmou que o “sentido”...;726
2622;0;B;Demonstrou a catequização...;726
2623;4;C;Foi referência para Novais...;726
2624;5;D;Elaborou sentido por contraposição...;726
2625;4;A;campanha sugere transferência...;727
2626;1;B;Trazem conjunto de informações...;727
2627;5;C;Os associam contrair...;727
2628;0;D;Demonstram cientistas...;727
2629;5;A;usa argumento moral...;728
2630;4;B;indica cessação antes de maio...;728
2631;0;C;denota abolição tardia...;728
2632;1;D;apresenta como honradas...;728
2633;0;A;tema desaparecimento sensível...;729
2634;1;B;Opor passado a presente...;729
2635;4;C;Familiares seguem lutando...;729
2636;5;D;A arte é uma ferramenta...;729
2637;4;A;foi iniciativa do governo...;730
2638;5;B;buscou enquadrar a região...;730
2639;0;C;conectada à cultura histórica...;730
2640;1;D;teve como pressuposto...;730
2641;5;A;É possível associar feminicídios...;731
2642;0;B;Estatuto do Desarmamento...;731
2643;1;C;documentos indicam relações...;731
2644;4;D;“Sentir-se seguro” deve ser garantido...;731
2645;1;A;retrata morte de líder...;732
2646;4;B;traz interpretação 300 anos após...;732
2647;5;C;oferece significado sombrio...;732
2648;0;D;evidencia caráter dominador...;732
2649;5;A;parte de aspirações...;733
2650;0;B;composta na ditadura...;733
2651;4;C;faz uso do verbo “ser”...;733
2652;1;D;fundada no MAU...;733
2653;5;A;demandas por restituição...;737
2654;4;B;No século XVI...;737
2655;0;C;Atualmente não há...;737
2656;1;D;manto do século XVI...;737
2657;1;A;apresentam expressões...;738
2658;0;B;estabelecem autor como nativo digital...;738
2659;5;C;apontam ampliação do alcance...;738
2660;4;D;tratam de dois momentos...;738
2661;4;A;Recife enfrentou epidemia...;739
2662;0;B;princípios morais e sanitários...;739
2663;5;C;moradia e saneamento...;739
2664;1;D;moral era questão tratada...;739
2665;0;A;expõe atividades definidas...;740
2666;4;B;explicita seu público alvo...;740
2667;1;C;circulou na década de 60...;740
2668;5;D;idealiza imagem da família...;740
2669;1;A;galeria e site vendem objetos...;741
2670;5;B;comercialização fora do contexto...;741
2671;0;C;alta demanda gerou enriquecimento...;741
2672;4;D;tipiti é objeto indígena...;741
2673;4;A;trazia personagem de animação...;742
2674;1;B;surgiu na década de 70...;742
2675;5;C;ligava-se aos ideais...;742
2676;0;D;integrou política de saúde...;742
2677;5;A;memória oficial obscureceu...;743
2678;1;B;texto faz referência ao Decreto-Lei...;743
2679;4;C;terras objeto de disputas...;743
2680;0;D;cidades mantiveram traçado...;743
2681;0;A;fotografias registram comemoração...;744
2682;5;B;importância está no protagonismo...;744
2683;1;C;imagem mostra grupo de jovens...;744
2684;4;D;Collor foi primeiro eleito...;744
2685;4;A;demolição definitiva ocorreu...;745
2686;1;B;imagens registram casarões...;745
2687;0;C;demolição evidencia fragilidade...;745
2688;5;D;derrubada resultado de discurso...;745
2689;1;A;Atestam existência de mercado...;746
2690;5;B;Permitem pensar reconstrução...;746
2691;4;C;Apontam padrão civilizatório...;746
2692;0;D;Mostram proibição de representar...;746
2693;4;A;Bebeto serviu como referência...;748
2694;0;B;Mocumentário mobilizou figuras...;748
2695;1;C;Meme utiliza imagem de Pelé...;748
2696;5;D;Fama de Allejo surge da confluência...;748
2697;0;A;colheita ao longo de todo o ano...;749
2698;5;B;integração entre saberes tradicionais...;749
2699;4;C;fomento de órgãos governamentais...;749
2700;1;D;Festa da Colheita é um evento...;749
2701;1;A;utiliza recursos digitais...;750
2702;5;B;tem no anacronismo e estereótipos...;750
2703;0;C;mostra preparo de queijo coalho...;750
2704;4;D;indica que o objetivo do Tratado...;750
2705;5;A;título faz alusão à transformação...;751
2706;1;B;cordel trata da trajetória...;751
2707;4;C;participação na 1ª Exposição...;751
2708;0;D;título se deu por formação superior...;751
2709;5;A;ditadura civil, militar e empresarial...;752
2710;0;B;sobrevivência dependia de atos...;752
2711;1;C;Investigações atestam participação...;752
2712;4;D;interferência de interesses EUA...;752
2713;1;A;anúncio foi comemorado...;753
2714;4;B;primeiras fotografias produzidas...;753
2715;0;C;técnica reservada às elites...;753
2716;5;D;Despertou interesse no Imperador...;753
2717;0;A;Encontram-se em propriedades...;754
2718;1;B;elaboradas por antepassados...;754
2719;5;C;podem corroborar estudos...;754
2720;4;D;São o primeiro registro de araucárias...;754
2721;4;A;Revela atenção na imprensa...;755
2722;5;B;Evidencia práticas da política...;755
2723;1;C;Demonstra mobilização por direitos...;755
2724;0;D;Teve desfecho trágico com morte...;755
2725;0;A;quitandeiras substituídas por imigrantes...;756
2726;1;B;maior presença de negras e negros...;756
2727;4;C;comércio dividia-se hierarquicamente...;756
2728;5;D;quitandeiras eram perseguidas...;756
2729;1;A;com ritmo intenso e punk rock...;757
2730;4;B;encaminha a interpretação dividida...;757
2731;5;C;traz refrões com frases burocráticas...;757
2732;0;D;remete ao interesse mórbido...;757
2733;5;A;A violência das campanhas militares no nordeste sofreu apagamento na medida em que certas correntes historiográficas priorizaram o papel político das elites paulistas e seu discurso de em torno da unidade e harmonia do novo país.;759
2734;1;B;As batalhas relacionadas à Independência do Brasil mobilizaram civis com pouca instrução militar e armamentos improvisados.;759
2735;4;C;Os eventos locais de resistência ao longo do processo de Independência brasileira foram importantes na definição de memórias, símbolos e valores regionais.;759
2736;0;D;Os portugueses conseguiram efetivar o plan de manter uma colônia ao norte do Brasil até que o recém-instaurado governo imperial de Dom Pedro I firmou o Tratado de Paz, Amizade e Aliança de 1825.;759
2737;0;A;A necessidade de descartar objetos mais cotidianos e preservar aqueles que são únicos, como forma de valorizar o ensino de história e os museus.;760
2738;4;B;A desaparição de objetos, mas também a sua relevância, quando podem ultrapassar a existência de seus proprietários e a sua utilidade original.;760
2739;5;C;A possibilidade de entender e ensinar a história por meio do estudo da cultura material e dos objetos como vestígios do passado.;760
2740;1;D;A importância dos objetos nas vivências humanas e as formas pelas quais pessoas e sociedades se relacionam com eles.;760
2741;1;A;são um exemplo da globalização da cultura, pois são produções japonesas que passaram a ser parte do cotidiano infanto juvenil.;761
2742;0;B;Ganharam espaço na televisão aberta brasileira por uma razão identitária, buscando a representatividade nipônica.;761
2743;4;C;impulsionaram a popularização de mangás, que desde os anos 1950 já circulavam entre comunidades de descendentes de japoneses.;761
2744;5;D;popularizaram-se na década de 1990 e compõem culturas juvenis, constituindo um significativo ramo no mercado editorial, de brinquedos e jogos eletrônicos.;761
2745;5;A;servem como evidência para embasar ou contradizer narrativas sobre o passado, independentemente de serem oficiais ou pessoais.;762
2746;4;B;são geridos de acordo com a Lei No 8.159, de 1991 (Lei dos Arquivos), que define uma política nacional para lidar com arquivos públicos e privados.;762
2747;1;C;foram muitas vezes salvos do descarte não por sua importância em si, mas pela importância adquirida pelo personagem a que se referem.;762
2748;0;D;estão sob a proteção dessas instituições, mesmo quando pertenceram a pessoas comuns cujas vidas não tiveram importância histórica.;762
2749;4;A;A proposta publicitária faz referência ao período de maior supressão de diretos durante a Ditadura Civil-Militar, marcado pela assinatura do AI-5.;763
2750;5;B;A campanha, ao apresentar o produto, traz um discurso textual e imagético que naturaliza a tortura e, de certa forma, a torna positiva.;763
2751;1;C;As propagandas, veiculadas em 1969, trazem textos, a imagem do produto a ser consumido - o aparelho de televisão Philips 550 ao lado de um chicote de corda.;763
2752;0;D;As publicações como as apresentadas não dialogavam com a imprensa da época, que se posicionava contra da ditadura, a exemplo do Jornal do Brasil.;763
2753;1;A;inferir que o problema de discriminação racial e étnica em Portugal atinge também outras nacionalidades.;764
2754;4;B;observar o crescimento da imigração brasileira para Portugal e o aumento das denúncias de episódios de xenofobia.;764
2755;5;C;atestar as relações conflituosas entre povos que colonizaram e povos que foram colonizados.;764
2756;0;D;condenar a desagregação social gerada pelas migrações das antigas colônias para a Europa.;764
2757;0;A;Aborda a história não-oficial do Rio Grande do Sul, oferecendo uma visão crítica sobre sujeitos históricos marginalizados.;765
2758;1;B;Apresenta elementos culturais alusivos a um tipo regional, com sua história, crenças, modo de se vestir e de se comportar.;765
2759;4;C;Foi publicado em uma revista de ampla circulação nacional e escrito por um dos principais expoentes do tradicionalismo gaúcho.;765
2760;5;D;Formula uma identidade para o gaúcho, afirmando suas qualidades e valores morais, em que a masculinidade se sobressai.;765
2761;1;A;“Onde o povo segue celebrando / O Sol, a Lua e tudo que é profano” faz uma menção aos aspectos espirituais do Caminho, importantes para povos indígenas, como os Guaranis.;766
2762;5;B;“Onde reina e manda qualquer um / Onde o rei pode ser um fora da lei” sintetiza uma crítica à exploração colonial e aos problemas socioambientais atuais da região cortada pelo Caminho.;766
2763;4;C;“No tango, charango, viola e chamamé” constitui referência musical à extensão territorial e à natureza transnacional que se relaciona ao Peabiru.;766
2764;0;D;“Na promessa de um Eldorado / Vinham almas aventureiras” homenageia o caráter civilizador das iniciativas de interiorização dos exploradores europeus que utilizaram o Peabiru.;766
2765;5;A;contribuíram para a consolidação de uma historiografia profissional no Brasil, com abordagens e métodos distintos daqueles da tradição ensaística dos anos 1930 e 1940.;767
2766;4;B;são determinados por uma combinação específica e distinta de referências científicas, práticas sociais, identidades políticas, valores culturais e formas de escrita.;767
2767;0;C;foram superados pois generalizam o local a partir do total, o que inviabiliza a produção historiográfica e impossibilita o encontro de indícios fomentadores dessas narrativas.;767
2768;1;D;divergem, entre outros pontos, sobre a emancipação comercial da colônia em relação à metrópole e ao papel das estruturas locais de economia e poder.;767
2769;5;A;destaca a persistência de um saber indígena que hoje é resguardado pelas tacacazeiras – estas que tiveram o seu ofício reconhecido como patrimônio cultural imaterial do município de Belém.;768
2770;0;B;propõe a superação dos regionalismos ao eleger a mandioca como elemento centralizador da nacionalidade e os indígenas como unificadores dos costumes alimentares do Brasil.;768
2771;1;C;explica brevemente o que são os alimentos líquidos e, em seguida, oferece o exemplo de uma sopa denominada mani poi que, por sua vez, deu origem aos atuais tacacás.;768
2772;4;D;utiliza observações escritas de viajantes europeus – tais como as de autoria de Abbeville –, a fim de historicizar determinados elementos e práticas relacionados à alimentação no Brasil.;768
2773;0;A;No quadro de Brocos, a matriarca da família é retratada orando de pé. A escolha da postura revela uma reverência do pintor à estrutura hierárquica baseada na idade e na experiência, prática tipicamente cristã.;769
2774;5;B;Na aquarela de Sguilla, é feita uma contranarrativa do quadro original. A artista se utiliza da cultura visual para construir uma crítica antirracista a partir da relação entre as imagens.;769
2775;4;C;No segundo documento, a matriarca da família desce um olhar afetuoso para seu neto. O semblante da senhora constitui uma ruptura com os muitos retratos trágicos e violentos feitos de negros pela arte oitocentista.;769
2776;1;D;No primeiro documento, há uma gradação intencional na cor da pele dos retratados. Essa proposta tinha como objetivo reiterar aspectos discriminatórios da ideologia de embranquecimento da nação.;769
2777;5;A;aponta o nomadismo como um dos elementos que explicam a heterogeneidade e a constituição de regras e culturas próprias a cada grupo de artistas.;771
2778;4;B;estabelece a necessidade de utilização de métodos de pesquisa histórica, como entrevistas e leitura de bibliografia diversa, para construir uma história do circo no Brasil.;771
2779;0;C;mostra como para os artistas circenses as origens de seus antepassados europeus têm mais peso que o pertencer a um determinado grupo.;771
2780;1;D;apresenta o deslocamento dos artistas circenses para o Brasil a partir do século XVIII, tendo como causas guerras, perseguições e proibições de exercerem seu trabalho em seus países de origem.;771
2781;4;A;coexistem com os sinos dos campanários das igrejas, na transição da paisagem sonora das cidades no mundo industrializado.;772
2782;0;B;distribuem o som disciplinar, uma vez que estão alocadas de maneira homogênea nos ambientes urbanizados, independentes da segregação sócio-espacial.;772
2783;1;C;participam da rotina social, uma vez que servem como delimitadores das práticas cotidianas de várias gerações, provocando diferentes reações nos habitantes.;772
2784;5;D;constituem um marco sonoro, que promove um senso de identidade comunitária, funcionando como uma referência temporal na esfera urbana.;772
2785;4;A;“Não há mulher desprezada, / galã desfavorecido, / que deixe de ir ao quilombo / dançar o seu bocadinho” tratam da popularidade desses cultos entre pessoas de diferentes etnias e posições sociais.;773
2786;0;B;“O que sei, é, que em tais danças / Satanás anda metido, / e que só tal padre-mestre / pode ensinar tais delírios” demonstram que o autor entendia que os cultos eram perigosos para a moral, por envolverem danças proibidas pela Igreja na época.;773
2787;5;C;“E quando vão confessar-se, / encobrem aos Padres isto, / porque o têm por passatempo, / por costume, ou por estilo” criticam a hipocrisia dos cristãos que frequentam cultos proibidos e nem ao menos se confessam ou arrependem.;773
2788;1;D;“Que de quilombos que tenho / com mestres superlativos, / nos quais se ensinam de noite / os calundus, e feitiços” explicitam que o poema tratará das cerimônias religiosas afro-brasileiras.;773
2789;0;A;Atestam a relevância do panamericanismo nos anos de 1960 e 1970 e a influência da música norte-americana para o desenvolvimento do reggae no Maranhão.;774
2790;5;B;Exemplificam como a forte conexão entre local e global afeta práticas sociais e comportamentais em diferentes países americanos.;774
2791;1;C;Demonstram o desenvolvimento do reggae como manifestação cultural maranhense, abordando questões como pobreza, discriminação, desigualdade social e econômica.;774
2792;4;D;Indicam a importância das trocas de tecnologias e referências culturais para o desenvolvimento das radiolas e do reggae como cultura popular.;774
2793;1;A;apresenta aparelhos eletrônicos para uso pessoal com destaque para a inovação tecnológica e a facilidade de uso que eles representam.;775
2794;4;B;traz, além da imagem do produto, informações técnicas, alerta sobre a pirataria e a lista de revendedores autorizados.;775
2795;5;C;usa como apelo publicitário a possibilidade de se enviar mensagens secretas, uma forma de conquistar o público jovem.;775
2796;0;D;oferece poucas informações sobre os usos do produto como forma de instigar a curiosidade dos possíveis possuidores.;775
2797;5;A;A percepção de uma constituição do Brasil baseada na convivência harmônica das três raças presente em quadrinhos da Turma da Mônica afirma a persistência dessa ideia.;776
2798;1;B;O objetivo do trecho em destaque é ilustrar a formação sociocultural brasileira, retratando-a como um processo espontâneo e natural.;776
2799;4;C;A miscigenação entre os povos indígenas, negros e brancos foi explorada na literatura brasileira por meio de obras como “Macunaíma” (1928).;776
2800;0;D;A veiculação de conteúdos vinculados ao folclore brasileiro por meio de histórias em quadrinhos ilustra a obsolescência da tradição oral em reproduzir histórias populares.;776
2801;0;A;Diferente de outras músicas do cantor, ”Que país é este” é utilizada por grupos de extrema direita por não apresentar qualquer crítica à violência sofrida por determinadas minorias.;777
2802;1;B;O conteúdo informa sobre uma notificação extrajudicial movida pelo herdeiro do patrimônio de Renato Russo direcionada a uma companhia de tecnologia.;777
2803;5;C;O caso evidencia as disputas em torno de uma obra artística, revelando que os seus sentidos podem ser ressignificados a depender do contexto histórico e político.;777
2804;4;D;Renato Russo foi compositor de músicas como Veraneio Vascaína (1986), que é uma crítica à polícia, e Perfeição (1993), que ironiza o patriotismo.;777
2805;1;A;A fotografia, ambientada na entrada do colégio Des Oiseaux, é composta majoritariamente por crianças, além de uma freira e de um homem adulto que dirige uma carruagem.;778
2806;5;B;Matricular as crianças em um estabelecimento de ensino como o Des Oiseaux implicava uma dupla operação: de agregação, entre as famílias do mesmo estrato social, e de segregação social.;778
2807;0;C;Além do Des Oiseaux, as Irmãs de N. Sra. Das Cônegas de S. Agostinho também administraram instituições masculinas, utilizando o mesmo currículo escolar para meninos e meninas.;778
2808;4;D;O colégio Des Oiseaux, localizado no bairro da Consolação, em São Paulo, foi uma instituição de ensino religiosa voltada, especialmente, às filhas da elite paulistana.;778
2809;5;A;Demonstram o carácter eugenista dos estudos médicos a respeito das colônias alemãs no Brasil e seu estado de germanidade.;779
2810;4;B;Apresentam estudos germânicos sobre medicina tropical, campo dedicado ao estudo das patologias consideradas típicas dos países do hemisfério sul.;779
2811;1;C;Tratam da presença de colonos alemães no Espírito Santo no início do século XX, sua adaptação e relação com a população nativa, sobretudo de origem africana.;779
2812;0;D;Atestam como não houve colaboração de médicos brasileiros na pesquisa conduzida pelos alemães em território espírito-santense.;779
2813;4;A;demonstra uma arte e uma técnica em extinção produzidas a partir de fotografias analógicas.;780
2814;0;B;evidencia a utilização dos retratos pigmentados produzidos pelo artista como ex-voto pelos clientes após a morte de um ente familiar.;780
2815;5;C;permite refletir sobre as imagens geradas por Inteligência Artificial atualmente em oposição às habilidades e à sensibilidade humanas.;780
2816;1;D;exibe o trabalho do retratista cearense Júlio Santos, que produz imagens a partir do retoque e da fotopintura.;780
2817;5;A;A polêmica entre “vencedores e vencidos” pela posse do canhão reflete uma disputa pela memória da Guerra da Tríplice Aliança e pela responsabilidade sobre a destruição que ela levou ao Paraguai.;781
2818;4;B;Argumentos semelhantes aos encontrados para a recusa da devolução, como o da “incapacidade de cuidar dos próprios bens”, têm sido usados por países europeus contra países do sul global.;781
2819;0;C;A devolução do artefato implicaria danos ao patrimônio cultural brasileiro, uma vez que o bem foi tombado pelo IPHAN e não existe a possibilidade de destombamento.;781
2820;1;D;Retrata-se a negociação pela devolução de um artefato que, fabricado no Paraguai e levado como butim de guerra, encontra-se hoje museificado no Brasil.;781
2821;;A;Intitulada “Halloween”, a charge apresenta três fantasias assustadoras, sendo uma delas a de “Fake News”, caracterizada pelo nariz longo somado às logomarcas de redes sociais.;785
2822;;B;Ao identificar a fantasia de “Fake News” como sendo de um monstro, a charge realça o papel nocivo da divulgação de informações falsas, o que pode implicar na violação de direitos.;785
2823;;C;Há, no Brasil, o Projeto de Lei 2630/2020, cujo objetivo é estabelecer regras para o combate à desinformação nas redes sociais e serviços de mensagens privadas.;785
2824;;D;Características do tempo presente, as chamadas “Fake News” são manifestações que garantem a liberdade de expressão em redes sociais.;785
2825;;A;Questiona a perspectiva eurocêntrica de um jesuíta português, Simão de Vasconcelos, que foi um dos poucos sobreviventes da tragédia narrada.;786
2826;;B;Apresenta um episódio protagonizado por D. Pedro F. Sardinha que, antes de assumir o alto cargo como bispo do Brasil, foi vigário-geral em outro domínio português.;786
2827;;C;Narra o ocorrido com uma tripulação, desde o naufrágio da nau até a morte de alguns de seus membros pelos caetés.;786
2828;;D;Acentua as dificuldades da colonização e, concomitantemente, oferece argumentos para justificar a intensificação da dominação portuguesa.;786
2829;;A;A Casa de Correção da Corte foi a primeira penitenciária instalada no Brasil, e o uso da fotografia revela uma estratégia de controle sobre os apenados.;787
2830;;B;Os autores das imagens eram os “Photographos da Casa Imperial”, título concedido a partir do ano de 1851 aos profissionais que atuavam para o império.;787
2831;;C;A prisão perpétua vigorou no Brasil com o Código Criminal de 1830, mas os presos podiam receber o perdão da pena, conferido pelo imperador.;787
2832;;D;Os registros fazem parte de um álbum que traz fichas de condenados, constando seus retratos e um resumo das suas penas, enquanto o relatório informa sobre uma câmera fotográfica.;787
2833;;A;Foi publicado no jornal independente Lampião da Esquina, veículo de comunicação pertencente à comunidade homossexual.;788
2834;;B;Evidencia que a violência empregada pelo regime militar brasileiro não era apenas contra os opositores políticos.;788
2835;;C;Reconhece a importância della resolução da Anistia Internacional, mas é descrente quanto aos seus impactos no Brasil.;788
2836;;D;Explica os limites da aplicação da resolução no Brasil, ainda que a abertura política ampliasse os direitos da população LGBTQIAPN+.;788
2837;;A;interpretada nos anos 1970 pelo grupo Novos Baianos, foi censurada pela Polícia Federal, uma vez que comprometia relações diplomáticas entre Brasil e Estados Unidos.;789
2838;;B;composta por Assis Valente, exalta elementos culturais e identitários do Brasil, especialmente da Bahia, como a comida, a dança, a religiosidade e a música.;789
2839;;C;finalizada em 1940, pode ser compreendida à luz da Política da Boa Vizinhança, apresentando o Brasil de forma positiva aos estrangeiros.;789
2840;;D;apresentada pelo compositor a Carmen Miranda, acabou sendo rejeitada pela intérprete, que se sentiu desconfortável em cantar seus versos.;789
2841;;A;associam o cuidado estético aos princípios da higiene e da civilidade que se popularizaram no Brasil durante a Primeira República.;790
2842;;B;reforçam uma idealização de beleza masculina representada pela fartura e lisura dos cabelos, pele branca e jovialidade.;790
2843;;C;demonstram que as questões capilares, como a calvície, eram uma preocupação estética para os homens na década de 1930.;790
2844;;D;evidenciam o uso popular de produtos cosméticos, fenômeno impulsionado pela regulamentação da profissão de barbeiro em 1932.;790
2845;;A;Ao longo do século XX, o jogo do bicho no Rio de Janeiro se organizou em torno de algumas famílias que atuavam de forma análoga àquelas da máfia, especialmente a italiana.;791
2846;;B;Levar a população a frequentar parques, jardins botânicos e zoológicos como o de Vila Isabel fazia parte de ideais civilizatórios e modernizantes aos quais a recém instaurada república aspirava.;791
2847;;C;A nova forma de loteria se espalhou e caiu no gosto popular convergindo com a busca por controle social e de casas e práticas de jogatinas que a administração pública buscava coibir.;791
2848;;D;O Jogo do Bicho, que movimenta milhões de apostas pelo Brasil, passou a fazer parte do imaginário popular sob a impressão de ser acessível ou inofensivo, apesar da ilegalidade e da criminalidade que o cercam.;791
2849;;A;A estreia de uma mulher “advogado” no tribunal do júri mereceu um artigo ilustrado de capa, num jornal de expressiva circulação.;792
2850;;B;O Instituto dos Advogados do Brasil não reconheceu o direito de Maria Coelho exercer a profissão, mas reconheceu o de Myrthes de Campos, formada no exterior.;792
2851;;C;Delmira Secundina da Costa e Maria Fragoso da Silva também concluíram, em 1888, o curso na Faculdade de Direito do Recife.;792
2852;;D;A presença feminina em espaços tradicionalmente masculinos foi compreendida por parte da imprensa oitocentista como indicativa de avanço do movimento feminista.;792
2853;;A;O atentado do Riocentro foi um ataque orquestrado pelo Exército e pela Polícia Militar, como estratégia para atrasar a abertura política em andamento.;793
2854;;B;Casagrande se exilou na Itália em 1983 devido à ameaça de prisão por ter usado a camisa da Democracia Corinthiana na final do campeonato paulista.;793
2855;;C;Os jogadores do Corinthians que participavam do movimento entendiam a relevância de seus lugares para veicular uma mensagem política para as grandes massas.;793
2856;;D;A Democracia Corinthiana foi um movimento encabeçado por dirigentes e jogadores do Corinthians em favor da democracia dentro e fora do clube.;793
2857;;A;Indicam a preocupação com a instrução da raça negra em Santa Catarina a fim de cumprir a Lei Afonso Arinos que pune a discriminação no Brasil.;794
2858;;B;Demonstram a força do movimento negro que, desde os anos 1920, se reunia em associações em diferentes partes do Brasil, como o Centro Cívico e Recreativo José Boiteux, em Florianópolis, e o Grêmio Recreativo Flor de Maio.;794
2859;;C;Evidenciam o surgimento da União Negra Catarinense em Florianópolis e a importância do jornal Vanguarda para a divulgação e visibilidade do movimento.;794
2860;;D;Ocupam um espaço na imprensa catarinense da década de 1930 e abordam questões de interesse de afrodescendentes como a luta de classes e contra o preconceito racial.;794
2861;;A;A peça publicitária faz parte de uma campanha sobre capacitismo realizada em referência ao Dia Internacional da Pessoa com Deficiência.;796
2862;;B;A Lei N 13.146/2015 instituiu o Estatuto da Pessoa com Deficiência com objetivo de garantir a essas pessoas condições de igualdade no exercício da cidadania.;796
2863;;C;A categorização e exclusão de pessoas com deficiência veio de uma prática eugenista adotada pelo Estado brasileiro que culminou na criação das paraolimpíadas.;796
2864;;D;A campanha para erradicar o uso de expressões ofensivas expõe uma das ferramentas na luta contra a exclusão da pessoa com deficiência.;796
2865;;A;Ambientada na cidade de Maceió, Alagoas, a trama de Angústia apresenta, por meio de seus personagens, as contradições de uma sociedade em transformação.;797
2866;;B;Divergindo dos primeiros romances do autor alagoano, identificados no documento, Angústia não apresenta críticas à sociedade burguesa, tampouco ao conservadorismo.;797
2867;;C;Além de associar o casamento a uma série de dispêndios supérfluos, o trecho evidencia os contrastes entre Luís da Silva, o narrador-personagem, e Julião Tavares.;797
2868;;D;Enquadrado como subversivo, Graciliano Ramos foi um dos alvos da Lei de Segurança Nacional promulgada em 1935 e estava preso quando Angústia foi publicado.;797
2869;;A;Foi a enchente que acometeu Porto Alegre em 1941, deixando milhares de pessoas em situação de flagelo.;798
2870;;B;É utilizado por negacionistas como argumento de que desastres ambientais recentes não estão relacionados à emergência climática nem à negligência de autoridades.;798
2871;;C;Motivou, na década de 1970, a construção de um muro e de diques para servir de barreira contra novos alagamentos.;798
2872;;D;Levou mais de 70 municípios a decretarem situação de calamidade pública e outros 300 à situação de emergência, sendo o maior desastre climático da história do estado.;798
2873;;A;forneceu acervos naturais para o American Museum of Natural History de Nova Iorque e para o Museu Nacional, no Rio de Janeiro.;799
2874;;B;ocorreu com objetivos de expedição científica e de exploração de um rio com foz desconhecida.;799
2875;;C;apresenta elementos do pensamento indigenista, voltado à integração nacional, do marechal Cândido Rondon.;799
2876;;D;teve como pano de fundo combater o desmatamento da floresta Amazônica e os conflitos entre indígenas e garimpeiros.;799
2877;;A;Refere-se à instituição do transporte público gratuito e da lei de vagões de metrô de uso exclusivo de mulheres.;800
2878;;B;Expressa a violência no espaço público, relacionada também a questões de gênero e classe social.;800
2879;;C;Apresenta os desafios e dificuldades enfrentados pelos trabalhadores no movimento entre a casa, o trabalho, a faculdade e o retorno ao lar.;800
2880;;D;Vale-se de uma estética com componentes raciais e anacrônicos.;800
2881;;A;A proibição dos muxarabis em 1809 estava diretamente ligada à instalação da família real portuguesa no Brasil.;801
2882;;B;Os muxarabis são elementos arquitetônicos de origem árabe que permitiam e também limitavam a comunicação entre as casas e a rua.;801
2883;;C;Os muxarabis são raros no Brasil e não formam o patrimônio nacional dado o sucesso da colonização portuguesa.;801
2884;;D;A arquitetura colonial impactava de modo distinto a vivência de mulheres brancas e mulheres negras.;801
2885;;A;exalta a cultura e a população de Goiás como produtos da mestiçagem, a partir das discussões intelectuais brasileiras, que buscavam promover o embranquecimento populacional.;802
2886;;B;compara Goiás e o interior do Brasil com o faroeste estadunidense, convidando os pesquisadores e investidores para a região, de modo a desenvolvê-la economicamente.;802
2887;;C;nos anos seguintes deu continuidade, na revista Informação Goyana, à publicações em defesa da cultura popular de Goiás.;802
2888;;D;busca valorizar as riquezas humanas de Goiás e regiões vizinhas, como sua cultura e história e critica que o local seja ignorado pelos pesquisadores.;802
2889;;A;A proclamação da República impactou a atuação de empresas colonizadoras, finalizando suas atividades e a perseguição aos indígenas.;803
2890;;B;Os bugreiros, nome atribuído aos caçadores de indígenas, surgiram a partir da extinção da Companhia de Pedestres em 1879.;803
2891;;C;Além dos bugreiros, o Estado e as empresas colonizadoras foram responsáveis diretos pela execução de povos indígenas.;803
2892;;D;O documento, assinado em 1891, evidencia a existência de expedições com o objetivo de investir contra os indígenas.;803
2893;;A;A representação da fauna brasileira é elaborada a partir de elementos fantásticos que intensificam a sua estranheza aos olhos dos europeus, reforçando a ideia de um território peculiar.;804
2894;;B;A disseminação dos relatos de viagem pela imprensa impactou diretamente na criação de um mercado europeu voltado para a comercialização de produtos exóticos.;804
2895;;C;A descrição exuberante da natureza era uma forma de demarcar a extensão e a variedade dos territórios ultramarinos, participando de uma tradição de registros ligados à manutenção das lógicas coloniais.;804
2896;;D;A popularização de narrativas sobre o Novo Mundo estimulou a expansão náutica europeia uma vez que seus autores precisavam se deslocar da Europa ao estrangeiro para produzir novas obras.;804
2897;;A;A abrangência geográfica e a diversidade de pessoas que participam do projeto estão relacionadas à tese da democracia racial brasileira.;805
2898;;B;Trata-se da colagem de fotografias de rostos de pessoas diferentes com a indicação do código de classificação da cor Pantone correspondente.;805
2899;;C;Pantone é uma das empresas que tentam criar sistemas de identificação e categorização de cores que passam a ser utilizados como referência internacional.;805
2900;;D;Ao utilizar os padrões industriais na representação da diversidade da sociedade, a artista problematiza temas como o racismo.;805
2901;;A;Desejo de criar tradições de imigrantes.;807
2902;;B;Comemorações revistas à luz de direitos humanos.;807
2903;;C;Celebração identitária da Guerra da Secessão.;807
2904;;D;Controvérsias e transformações na simbologia.;807
2905;;A;Escravizados como agentes históricos.;808
2906;;B;Hierarquização no sistema escravista.;808
2907;;C;Condições para encerrar o levante.;808
2908;;D;Espaços de liberdade e negociação.;808
2909;;A;Autores de diferentes nacionalidades sobre atuação feminina.;809
2910;;B;Incorporação oficial aos exércitos.;809
2911;;C;Funções subalternas em campo.;809
2912;;D;Violência e esquecimento.;809
2913;;A;Ocupação humana por evidências paleontológicas.;810
2914;;B;Diversidade de vestígios da pré-história.;810
2915;;C;Ignorância utilizada em disputas políticas.;810
2916;;D;Importância dos biomas para sustento ancestral.;810
2917;;A;Relações entre América e Velho Mundo.;811
2918;;B;Conhecimento da fauna nacional (natureza-morta).;811
2919;;C;Concepção de brasilidade e exotismo.;811
2920;;D;Animais sem interação entre os corpos.;811
2921;;A;"Historiografia como ""história da história"".";812
2922;;B;Mais de um sentido (ações humanas).;812
2923;;C;Compreender atuação de antecessores.;812
2924;;D;Negação do caráter científico.;812
2925;;A;Nacionalização da educação na República.;813
2926;;B;Conformidade a modelos estrangeiros.;813
2927;;C;Amplo acesso a escolas primárias.;813
2928;;D;Regras para o Gymnasio Nacional.;813
2929;;A;Alerta personagens sobre consequências.;814
2930;;B;Foco exclusivo no gangster Al Capone.;814
2931;;C;Leitura anacrônica sem ser teleológica.;814
2932;;D;Referência à ditadura sem censura.;814
2933;;A;Aparência saudável e higiene.;815
2934;;B;Critérios idealizados e identidade nacional.;815
2935;;C;Alojamentos no Nordeste (pousos).;815
2936;;D;Recrutamento de civis da reserva.;815
2937;;A;Prenunciou o século XXI.;816
2938;;B;Enquadrada no realismo mágico.;816
2939;;C;Inspirou roteiro de Person e Bernardet.;816
2940;;D;Fábula sobre a opressão militar.;816
2941;;A;Registros audiovisuais e negligência.;817
2942;;B;Falta de apoio à Cinemateca (10 anos).;817
2943;;C;Incêndio na Vila Leopoldina (2021).;817
2944;;D;Sensibilização pela memória física/pessoal.;817
2945;;A;"Elementos cyberpunk exploram condições do fenômeno social;";819
2946;;B;"Menção ao cordel como escolha literária e fonte histórica;";819
2947;;C;"Trajes e ambientação presentes no imaginário popular;";819
2948;;D;Cyberpunk como embate entre pessoas comuns e cangaceiros.;819
2949;;A;"Profissão no período colonial, legislação e escravidão;";820
2950;;B;"Origem não documentada e formação da Guarda Negra;";820
2951;;C;"Análise de figura controversa ligada à violência hierárquica;";820
2952;;D;Fuga como prática recorrente que gerou mecanismos de controle.;820
2953;;A;"Reconhecimento da mídia e exportação para Paraguai e China;";821
2954;;B;"Contribuição para a gentrificação das cidades;";821
2955;;C;"Parte do mobiliário urbano nacional com perda de espaço atual;";821
2956;;D;Protetores que substituíram cabines de baixa aceitação.;821
2957;;A;"Dedicou carreira às assimetrias econômicas e defesa de excluídos;";822
2958;;B;"Combateu neoliberalismo via política (deputada nos anos 90);";822
2959;;C;"Privilegiou modelos financeiros em detrimento da história política;";822
2960;;D;Propôs industrialização por substituição de importações.;822
2961;;A;"Contaram com apoio de Ariano Suassuna;";823
2962;;B;"Construção de memória política em torno de João Pessoa;";823
2963;;C;"Forma de se posicionar politicamente com o verbo ""Nego"";";823
2964;;D;Não foram consensuais e geram conflitos ainda hoje.;823
2965;;A;"Planejamento em consonância com a indústria automobilística;";824
2966;;B;"Contradições entre urbanismo modernista e intervenções de transeuntes;";824
2967;;C;"Uso corrente de pedestres como alternativa ao Plano Piloto;";824
2968;;D;Propósito de autonomia dos pedestres foi atingido.;824
2969;;A;"Coroa Portuguesa ordenou substituição da ponte;";825
2970;;B;"Boi voador como parte do imaginário popular da ocupação holandesa;";825
2971;;C;"Nassau atraiu público e arrecadou dinheiro com a curiosidade;";825
2972;;D;Vídeo promove atividade cultural de aniversário da cidade.;825
2973;;A;"Narrativas sobre atuação de Espertirina mobilizam acadêmicos e ativistas;";826
2974;;B;"Pertenceu a família de militantes anarquistas no RS;";826
2975;;C;"Espertirina não atuou na Greve de 1917;";826
2976;;D;Grafite recupera personagem obliterada com linguagem contemporânea.;826
2977;;A;"Relaciona transmissão oral e ciências naturais;";827
2978;;B;"Explora natureza sem compromisso científico;";827
2979;;C;"Percorre mercado em Belém com interesse em plantas medicinais;";827
2980;;D;Expõe processo de investigação e liberdade de criação.;827
2981;;A;"Comparações de produções dos EUA que usaram músicas brasileiras;";828
2982;;B;"Uso da técnica de sampleamento (reutilização de gravação);";828
2983;;C;"Circulação de ritmos nacionais em escala global;";828
2984;;D;Estratégia considerada legal no Brasil pela Lei de Direitos Autorais.;828
2985;;A;"Imagem de IA traz rosto verossímil a um liberto sem imagem;";829
2986;;B;"Documentos apresentam a mesma pessoa em registros de 1864 e 2025;";829
2987;;C;"IA tem valor de propaganda mas presta desserviço histórico;";829
2988;;D;Acervo de Luiz Gama reconhecido pela UNESCO (Memória do Mundo).;829
;;;;
;;;;
;;;;
;;;;
;;;;
;;;;
;;;;
;;;;
;;;;
;;;;
;;;;
;;;;
